/* Gerado por tools/gen_zero_dog.py — nao editar. */
/* Respostas do MicroDog 3.4 (servico Convert, piu 0x80a6058) para consultas de 16 bytes. */
#include <stdint.h>
#include <string.h>
#include <stdlib.h>

typedef struct { uint8_t q[16]; uint32_t r; } ZeroDogEntry;

static const ZeroDogEntry g_zeroDog[1117] = {
    {{0x00,0x20,0xC1,0x0B,0x1B,0xD7,0xCD,0x9E,0x7C,0x9E,0xF5,0xEB,0x8C,0xCE,0x86,0x16}, 0x30458133u},
    {{0x00,0x21,0x1C,0xC5,0xEE,0x36,0x86,0xD1,0x2D,0x93,0x5F,0xB5,0x73,0x28,0xA8,0xFD}, 0xEDE35A49u},
    {{0x00,0x7A,0xCD,0x43,0x81,0x13,0xED,0x65,0xD9,0x15,0x0A,0xE4,0x1B,0x56,0x71,0x67}, 0xF2191A9Cu},
    {{0x00,0x91,0x20,0xDE,0xD0,0x29,0x87,0x62,0x61,0x5E,0x65,0x8A,0xDE,0x47,0xC9,0x3D}, 0x606DA543u},
    {{0x00,0x94,0x32,0xFB,0xA3,0xD4,0x38,0xD6,0x8A,0xF3,0x99,0xB6,0x24,0xB7,0xD5,0xA9}, 0xB859B32Du},
    {{0x00,0xCD,0x2A,0x32,0x70,0xA7,0x5D,0x9A,0x73,0x2B,0x6D,0xD4,0xC7,0x6C,0x35,0x21}, 0x6104D6FCu},
    {{0x01,0x37,0x57,0x5D,0x07,0x04,0x8D,0x21,0xCE,0xBC,0x7D,0x4A,0xA3,0x89,0x76,0x80}, 0x9BB840F9u},
    {{0x01,0x4D,0x0E,0x92,0x9F,0xD9,0x78,0x65,0x2F,0x4C,0xF7,0xA1,0x98,0x00,0x4D,0x89}, 0x60638E3Du},
    {{0x01,0x53,0x6B,0xAA,0x47,0x95,0xAA,0x1D,0x9D,0xC4,0xCC,0xEC,0xD2,0x82,0xB9,0xF0}, 0x404CC699u},
    {{0x01,0x7F,0x6E,0xD9,0xA3,0x12,0x8A,0x43,0x66,0x04,0x47,0x95,0x18,0x39,0x0A,0x6D}, 0x18F1B173u},
    {{0x01,0xA3,0x5D,0xBB,0xAF,0x97,0xC2,0x0B,0x83,0x0C,0xD2,0xD1,0x8C,0x25,0x32,0xF3}, 0xD6A119B7u},
    {{0x01,0xAD,0xC6,0x0F,0xA2,0x0F,0x05,0x5E,0xD5,0x58,0xC7,0x83,0x63,0xF9,0x45,0x28}, 0x0BFB9CBBu},
    {{0x01,0xFF,0x40,0xFF,0xB0,0x81,0x53,0x3C,0xD9,0xA6,0x3D,0xAF,0x27,0x06,0x8A,0xC8}, 0x6B321315u},
    {{0x01,0xFF,0x96,0x0C,0x27,0xD4,0x81,0x4E,0x9A,0x0A,0x6D,0x1E,0xB2,0x6C,0x8C,0x32}, 0xB194EBECu},
    {{0x02,0x0D,0xBD,0x2A,0x98,0x9B,0x5D,0xA5,0x56,0x1C,0xEB,0x07,0x49,0x36,0x05,0xC8}, 0x3BC86B94u},
    {{0x02,0x71,0x43,0xE0,0x7F,0x30,0xA1,0x32,0x80,0x84,0xDE,0x11,0x60,0xAD,0x47,0x66}, 0x71D96067u},
    {{0x02,0x90,0xB4,0x8F,0x19,0x59,0x6F,0x62,0xD6,0xBF,0xA8,0xAE,0x4B,0x99,0xB2,0x0C}, 0x007C006Du},
    {{0x02,0xC0,0xB4,0x7A,0xB5,0x11,0xC8,0x70,0x7D,0xF6,0x9F,0x9B,0x32,0x79,0x6B,0x72}, 0x955FE89Du},
    {{0x02,0xEA,0x9A,0xFF,0x66,0x9D,0x26,0xAC,0xA7,0x45,0x2D,0xE2,0x6D,0xFA,0x32,0x9F}, 0xE97FB355u},
    {{0x03,0x02,0x5C,0x7C,0x04,0x63,0x52,0x8B,0x3F,0xBA,0x7B,0xD2,0x6C,0x6E,0xE9,0x22}, 0xC2C6068Fu},
    {{0x03,0x1B,0x1D,0x27,0x0A,0xC8,0x09,0xCA,0x2E,0x7B,0xD9,0xE2,0x8E,0xA1,0xD3,0xED}, 0x58C7E212u},
    {{0x03,0x3E,0x27,0x0B,0x35,0x2B,0x1D,0x3A,0xB6,0xBA,0x75,0x5A,0x19,0x84,0x7C,0x58}, 0x0E2067B5u},
    {{0x03,0xA8,0xB1,0x1D,0xF1,0x1C,0xDA,0x4D,0x9D,0xA5,0xD4,0xE6,0x83,0x24,0x08,0x78}, 0xD5530F0Au},
    {{0x03,0xF1,0xB1,0x45,0xBF,0xA4,0x2A,0x65,0xFC,0x51,0x31,0x65,0xFE,0x84,0x36,0xC5}, 0x0FF878BFu},
    {{0x04,0x0E,0xF9,0x8F,0x78,0xAC,0x76,0x57,0xA3,0xE6,0xDA,0x34,0x33,0x01,0x6A,0x26}, 0x1D85B0B6u},
    {{0x04,0x33,0x1F,0x5D,0x52,0x5B,0xB6,0xB1,0x4E,0xB8,0xE9,0x76,0x1E,0x2C,0x26,0x3A}, 0x5DA927A2u},
    {{0x04,0x74,0x18,0xC4,0xA8,0x31,0x2D,0xE2,0x78,0x88,0x10,0xC0,0x8B,0x87,0xA9,0x73}, 0x991C2E59u},
    {{0x04,0x94,0x7E,0xE0,0x8A,0x8B,0x3B,0xFB,0x7D,0x22,0x60,0x12,0xEB,0x04,0x78,0xD1}, 0x474A95D6u},
    {{0x04,0x99,0xE0,0xE4,0x7A,0x46,0xEC,0xCD,0xE3,0xE3,0xCA,0x4B,0x58,0xF5,0x82,0x9F}, 0x3827006Fu},
    {{0x04,0xC5,0x45,0xAD,0x26,0x5C,0xCA,0x7C,0xE3,0xE5,0x2E,0x99,0xEF,0xD7,0x55,0x6B}, 0x92D3997Fu},
    {{0x05,0x61,0x8A,0xC7,0x93,0x94,0x94,0xFF,0x2D,0x46,0x3D,0x02,0x66,0x0B,0xDB,0x9E}, 0x8403754Cu},
    {{0x05,0x6D,0xEC,0xF6,0x32,0xA3,0x55,0xDD,0x5A,0xD5,0x04,0x48,0xF8,0xA0,0xED,0xE6}, 0x09AAD224u},
    {{0x05,0x85,0x20,0xAF,0xCE,0x38,0x17,0xD7,0x74,0x32,0xA3,0x02,0xBD,0x31,0x5B,0x01}, 0x86BAF6B4u},
    {{0x05,0x95,0x4A,0x70,0xE1,0xD6,0x4E,0x4D,0xCD,0xC5,0xA7,0x13,0x44,0x44,0xBA,0x66}, 0xA9D99A01u},
    {{0x05,0xBF,0x42,0x50,0x51,0x00,0x51,0xF7,0x27,0x62,0xC3,0x19,0x9D,0xAF,0x0B,0xEA}, 0x9C8DDB75u},
    {{0x05,0xE1,0xD3,0x97,0xF1,0xA7,0x26,0xF0,0x30,0x47,0x6E,0xE6,0x23,0x31,0xA7,0x99}, 0x9643FEECu},
    {{0x06,0x0E,0xE8,0xF4,0xB5,0xB3,0x29,0xEA,0xEF,0xF7,0xC7,0x0E,0xC1,0x04,0x57,0x77}, 0xCF5C8739u},
    {{0x06,0x18,0xE5,0x26,0x55,0x1F,0x31,0x5B,0xAE,0x77,0x45,0x0E,0x09,0x44,0x83,0xA7}, 0x44DB07DEu},
    {{0x06,0x3B,0xCD,0x35,0x99,0xC5,0xA5,0x8A,0x39,0x48,0x3B,0xAE,0x5F,0x63,0x81,0x56}, 0x2703DB38u},
    {{0x06,0x97,0x79,0x81,0x0C,0x74,0x51,0xE7,0x4E,0x8E,0xA2,0x5D,0xF8,0xB4,0x0A,0xD4}, 0x94CB15CBu},
    {{0x06,0x9C,0x49,0xA1,0x6F,0xB3,0x4E,0xFA,0x6E,0xD7,0xC4,0x34,0x2E,0x91,0xDF,0x44}, 0x71AD156Bu},
    {{0x06,0xA8,0xDE,0x1A,0x3F,0xF0,0x69,0x8C,0xEA,0x29,0x54,0x4C,0x67,0xC1,0xA1,0x65}, 0xEA21AC5Fu},
    {{0x06,0xFA,0xE7,0x34,0xBE,0xC2,0x02,0xC8,0x92,0xD6,0x58,0x57,0x7A,0x9C,0xC2,0x1F}, 0x30DC1870u},
    {{0x07,0x0A,0x3E,0x58,0x9A,0x17,0x05,0x78,0x1C,0x27,0x51,0x61,0x3A,0x85,0x4F,0x5C}, 0x72D79F08u},
    {{0x07,0xCE,0x27,0x84,0xE7,0x3D,0xE9,0x4B,0xA6,0x01,0xDA,0xFE,0x36,0x92,0xA2,0x78}, 0x863E25A9u},
    {{0x07,0xE2,0x61,0x61,0xD8,0x3B,0x2D,0xB8,0xE6,0x1D,0xA8,0x25,0x41,0x62,0x10,0x80}, 0x4A27C926u},
    {{0x07,0xE5,0x9B,0xFB,0x07,0x4C,0x6D,0xAB,0xC3,0xF2,0x31,0x7C,0x33,0x3C,0xC6,0xA5}, 0x846F348Eu},
    {{0x08,0x73,0xCE,0x17,0xA0,0x86,0x44,0xE7,0xD6,0x34,0x8A,0x68,0xA2,0x26,0xF4,0xA5}, 0x1113261Au},
    {{0x08,0xD4,0x74,0xFA,0xE6,0x9E,0x31,0xB3,0x28,0xCB,0x12,0x1A,0x19,0xC9,0xDB,0xB1}, 0x0D6759CDu},
    {{0x09,0x14,0xAD,0x26,0xA0,0x76,0x5A,0xEB,0x2D,0x73,0xB1,0x3A,0x84,0xE6,0x33,0x61}, 0x282A043Cu},
    {{0x09,0x34,0x31,0x2A,0x1F,0x8E,0x8A,0x2B,0x38,0x32,0x13,0x77,0xE6,0xB9,0x0E,0x15}, 0x87E02845u},
    {{0x09,0x39,0xAD,0x37,0x19,0x63,0x61,0xC8,0xA0,0x64,0xE5,0xEA,0x6E,0x95,0xBC,0x63}, 0x1B01A8C3u},
    {{0x09,0x83,0x91,0x63,0xA9,0x95,0xC3,0xD8,0x6E,0x1D,0xF0,0x43,0x97,0xA6,0x85,0x2F}, 0xB490F038u},
    {{0x09,0xAC,0x69,0x73,0x03,0xFB,0x0C,0x1E,0x86,0x23,0xC5,0xA5,0x22,0x03,0x43,0x08}, 0x5E7710DEu},
    {{0x09,0xB5,0x03,0x17,0x14,0xDE,0xF3,0x47,0xBF,0x6C,0xD9,0x28,0xA3,0x68,0x27,0xB2}, 0xE25A3126u},
    {{0x0A,0xC8,0x9D,0xA2,0xFB,0xE7,0xAF,0x60,0x21,0x90,0x9B,0x27,0x6F,0x03,0x72,0x4F}, 0xEB25B8D4u},
    {{0x0A,0xD4,0x37,0xFB,0x59,0xED,0x18,0x0C,0x42,0x1C,0x0A,0xFA,0x6F,0xF7,0x9A,0x2B}, 0xE0777168u},
    {{0x0B,0x10,0xE6,0x61,0xE9,0x9B,0x18,0x96,0x30,0x57,0x6E,0x30,0xC5,0xA5,0x99,0xB3}, 0xDC1B7F05u},
    {{0x0B,0x76,0xD4,0x4C,0xDB,0x3D,0x19,0xEB,0xF6,0x41,0x45,0xFE,0x39,0x44,0x24,0xF0}, 0xAF81E145u},
    {{0x0B,0xDF,0xFA,0xD1,0x07,0xA6,0xB5,0xB5,0x59,0xF5,0x3A,0x0D,0xDC,0x08,0x69,0x89}, 0x15D3BF01u},
    {{0x0C,0x10,0x75,0x25,0xEA,0xCC,0x82,0x7C,0xAD,0x6F,0x1D,0x66,0xFF,0x88,0xE3,0x1B}, 0xACCCA3CCu},
    {{0x0C,0x19,0x42,0x07,0x6C,0xCE,0xE6,0x17,0x84,0xF2,0x7B,0x94,0x9C,0x38,0x3D,0xD6}, 0x31C3D14Eu},
    {{0x0C,0x34,0xBE,0xCE,0x8A,0xC0,0x50,0xB7,0x2E,0xF4,0x92,0x95,0xE4,0x1F,0x68,0x4F}, 0xA350A802u},
    {{0x0C,0xCD,0x5E,0x1A,0xCF,0x68,0x25,0x42,0x1C,0x6C,0x94,0xC4,0x6A,0x46,0xF5,0x11}, 0x4C318A2Du},
    {{0x0C,0xD4,0xB2,0x6A,0x7B,0x0A,0xCD,0x25,0x69,0x2A,0xEB,0x85,0x50,0x98,0x77,0xA0}, 0x4E0614C4u},
    {{0x0C,0xD8,0x38,0x3E,0x71,0xF8,0x2E,0x96,0xF1,0x15,0x3C,0x83,0x2C,0xA4,0x0F,0xC7}, 0x55F8335Fu},
    {{0x0C,0xDF,0x92,0x62,0xEA,0x53,0x46,0x52,0x30,0x84,0xF2,0xD6,0x4E,0x69,0xBC,0x48}, 0x87A146B8u},
    {{0x0D,0x74,0x77,0x77,0x51,0x67,0xAA,0xFE,0x97,0x3D,0x6B,0x31,0xDC,0x15,0x2F,0x40}, 0x8D762E3Du},
    {{0x0D,0x7E,0x6B,0xD6,0x34,0xA9,0x4A,0x59,0x82,0x7A,0xEA,0x7F,0x45,0xD4,0x36,0xCF}, 0xC7B082E6u},
    {{0x0D,0xBE,0x51,0x15,0xFD,0x9E,0xE1,0x16,0x30,0xA6,0x27,0x69,0x01,0x15,0x75,0xF1}, 0x6A559535u},
    {{0x0E,0x29,0x78,0x5B,0x31,0x5F,0x2F,0x63,0xCD,0xAC,0x2E,0xFB,0x8E,0x13,0x36,0x68}, 0xD29D5928u},
    {{0x0E,0x3B,0x26,0x40,0xD2,0x2B,0xE2,0xAA,0xFF,0xA5,0xB2,0xC3,0x58,0xF1,0x0A,0x41}, 0x500E6393u},
    {{0x0E,0x97,0xC4,0x12,0x19,0xE1,0xE4,0xF4,0xE9,0x51,0x35,0x63,0xBA,0xC3,0x70,0x3E}, 0x91170CC3u},
    {{0x0E,0x9D,0x2D,0xB7,0x99,0xE3,0xE7,0x22,0xCD,0x25,0xC4,0xE4,0xB9,0x0A,0x5B,0x8A}, 0x623C1E40u},
    {{0x0E,0xB7,0x11,0xF2,0xB3,0xB0,0xAE,0xC5,0x7A,0xDD,0xE3,0x31,0x54,0x39,0x50,0xA7}, 0x244B8832u},
    {{0x0E,0xB7,0xC3,0xB9,0xF8,0x87,0xE8,0xC9,0x8D,0xBB,0xB2,0x74,0xA7,0x53,0x73,0xDC}, 0xE0D12C4Cu},
    {{0x0E,0xBE,0xE5,0xBA,0x92,0x73,0x46,0x58,0xB0,0x71,0x80,0x4E,0x21,0x62,0x27,0x2E}, 0xC48501FDu},
    {{0x0E,0xD6,0x93,0x0F,0xB3,0xE8,0x99,0x87,0xEA,0xAF,0x46,0xBF,0xCB,0xAD,0xA1,0xEB}, 0x6FCD486Fu},
    {{0x0F,0x25,0x16,0x17,0x49,0xFE,0x31,0x15,0xA2,0x3E,0xD4,0x44,0x0B,0x5C,0xA8,0x79}, 0x95AB6F07u},
    {{0x0F,0x2A,0xB1,0x06,0xFB,0x2E,0x8D,0xF7,0xD6,0xD6,0x2C,0x99,0xB1,0x3F,0x43,0x9E}, 0xDB40C6CEu},
    {{0x0F,0xB2,0x30,0x31,0xAC,0xF0,0x75,0xA4,0xCD,0x60,0xEF,0x20,0xE6,0xB7,0x4B,0x25}, 0x242FCD6Eu},
    {{0x0F,0xF5,0xD1,0x81,0xD6,0x18,0x3C,0x04,0x42,0x36,0xFB,0xBC,0x7B,0xA8,0x95,0x63}, 0x4E7F8DCEu},
    {{0x0F,0xFC,0x0D,0xC3,0x92,0x3D,0x21,0x3A,0x54,0xC5,0x60,0x39,0x61,0xC0,0x54,0xF3}, 0x0AC841DCu},
    {{0x0F,0xFC,0x4B,0x8E,0xE2,0x7C,0x1C,0x64,0xC8,0xD6,0x2D,0x0F,0x61,0x76,0x4A,0x04}, 0x5A0C5C08u},
    {{0x10,0x0D,0x3D,0x24,0x35,0x23,0xAA,0x0D,0x2C,0x6B,0x89,0x92,0x79,0x2B,0x93,0xD5}, 0x4A9E76A3u},
    {{0x10,0x2F,0xFE,0xBB,0xF2,0x36,0x24,0xDC,0x1E,0x4C,0x54,0x31,0xAA,0x3C,0x00,0xF8}, 0x389881B9u},
    {{0x11,0x09,0xE6,0x75,0x05,0x90,0x6B,0xD6,0x51,0x9E,0xA9,0x27,0x81,0xE2,0xA2,0x2E}, 0xDC385B80u},
    {{0x11,0x39,0xF8,0xC1,0x46,0x47,0x05,0x34,0x61,0xE2,0xB8,0xDC,0x6B,0xFB,0x05,0x69}, 0xCECDBA50u},
    {{0x11,0x3B,0xDE,0x81,0x2A,0xE9,0x2D,0xCE,0xD2,0x82,0xEB,0x2E,0x1E,0x98,0xFD,0x47}, 0x2809E70Au},
    {{0x11,0x50,0x5C,0xCA,0xFA,0x6D,0xBD,0xC2,0x04,0xC2,0xAC,0x73,0xBB,0x75,0x42,0xDD}, 0x4CC07148u},
    {{0x11,0xC5,0xD4,0x50,0x52,0xA2,0x9D,0x15,0xDF,0xA0,0xF4,0x5E,0x5B,0x66,0x35,0x26}, 0x9EA38F49u},
    {{0x11,0xDB,0xA0,0xD3,0xE3,0x29,0xA2,0x47,0x5D,0x7B,0xB0,0x55,0xC4,0xCF,0x5A,0xA2}, 0x960CAD0Au},
    {{0x11,0xFA,0xD4,0xB7,0x28,0x39,0xC7,0x0C,0xE0,0x2B,0xE2,0x27,0x8F,0x5E,0xCD,0x1C}, 0xC92A8813u},
    {{0x12,0x22,0xCC,0xAF,0x0E,0xCD,0x2A,0xB5,0xE0,0xE8,0x67,0x94,0xBF,0x1E,0x90,0xF9}, 0xCF6B8B52u},
    {{0x12,0x54,0xCD,0x55,0xD7,0x31,0xF4,0xE7,0x48,0xA7,0x79,0xE4,0xEA,0x36,0xAA,0xF4}, 0xBA96798Cu},
    {{0x13,0x04,0x45,0x72,0x8E,0xFF,0x50,0x9E,0x66,0xA9,0x01,0xC3,0x89,0xC5,0x58,0xF5}, 0xB2AEE1B7u},
    {{0x13,0x09,0x05,0x24,0x7F,0x7A,0xD3,0x9D,0xAC,0x67,0xF5,0xBE,0xF4,0xCD,0x43,0x8F}, 0xABB9D77Du},
    {{0x13,0x36,0x93,0x5E,0xCC,0xC1,0x10,0xCC,0x0E,0x98,0xF9,0x04,0xCC,0x6E,0x88,0x68}, 0xB5743767u},
    {{0x13,0x55,0x6B,0x88,0x4A,0x26,0xD7,0xE1,0x9E,0x49,0x56,0xF6,0xEE,0xEF,0xDE,0x31}, 0xA338CE6Au},
    {{0x13,0x73,0xF9,0x65,0x5A,0x3C,0x04,0x55,0x98,0x9B,0xE1,0x0E,0xB7,0x9E,0xF6,0xB2}, 0xFD76DB61u},
    {{0x14,0x11,0x8D,0x72,0xA5,0x93,0xA9,0x76,0xD0,0xB2,0xA6,0xAD,0xDF,0xA4,0xB7,0x0F}, 0x17C5824Eu},
    {{0x14,0x17,0x8F,0xD0,0x7F,0xCA,0xD0,0x3C,0xEC,0xAF,0xDD,0x23,0x51,0x71,0x02,0xAB}, 0x8171688Fu},
    {{0x14,0x21,0x08,0x59,0xC6,0x0D,0x80,0x85,0xCC,0xA4,0x06,0x53,0x84,0x57,0x97,0xDC}, 0x3B442687u},
    {{0x14,0x99,0xA0,0x76,0x23,0xC1,0x68,0xA1,0x5B,0x2B,0x30,0x6E,0xBF,0xDE,0xBA,0x2D}, 0xDC3290BEu},
    {{0x14,0xB0,0x08,0x6C,0x2B,0x9A,0xF9,0xCC,0xB4,0x49,0x4F,0xDE,0x81,0x13,0x9A,0x3F}, 0x310D82DFu},
    {{0x14,0xC1,0xFB,0xFC,0x9E,0xB9,0x99,0xD4,0x3F,0x99,0xEA,0x4C,0xD4,0x1F,0xC6,0xAC}, 0x951C8824u},
    {{0x14,0xCE,0x7A,0x1B,0xC0,0xE8,0x19,0xBB,0xAA,0x0B,0x4D,0x86,0x4D,0x58,0x04,0xC9}, 0xE571778Eu},
    {{0x14,0xCE,0xF0,0x04,0x0F,0x0E,0xDE,0x72,0x5F,0x90,0x44,0xC1,0x31,0x1D,0xD5,0xA6}, 0x641F67FFu},
    {{0x14,0xFA,0x0B,0x81,0x53,0xAF,0xCF,0xC1,0x28,0xAD,0xA1,0x2B,0x8D,0xD4,0x6D,0x45}, 0x0FDEEA37u},
    {{0x15,0x14,0xC2,0x25,0x66,0x53,0xAD,0xAE,0x30,0x09,0x91,0x35,0x44,0x11,0xE9,0x16}, 0x64F922FEu},
    {{0x15,0x40,0xCE,0x22,0x9E,0x73,0x06,0x4A,0xF4,0x47,0x4A,0x7C,0xA4,0xA0,0x42,0xD0}, 0x3294EA6Du},
    {{0x15,0x64,0x9F,0xE8,0xCF,0xC8,0xFD,0x6E,0x9A,0x8C,0x89,0x85,0x6B,0x1A,0x12,0x8B}, 0x6121D16Au},
    {{0x15,0x84,0xD2,0xC6,0x40,0x05,0x8F,0x15,0x02,0xEC,0x90,0x2C,0xAF,0x4D,0x6C,0xD7}, 0xBFB3017Fu},
    {{0x15,0x8E,0x35,0x3A,0xB1,0x68,0xDF,0xD0,0x6E,0xF2,0x3C,0x0E,0xFE,0xAB,0x1D,0x88}, 0xCDAC2297u},
    {{0x15,0x92,0xBE,0x00,0xD5,0xB8,0x5B,0x3E,0x27,0xE5,0xAB,0x03,0xF2,0x73,0x74,0x95}, 0x54257461u},
    {{0x15,0xA3,0x26,0x8C,0x3C,0x70,0x3A,0x1F,0x52,0x03,0x48,0xDF,0x98,0xE3,0xCB,0x27}, 0xBA6BF3C0u},
    {{0x16,0x35,0x3E,0x23,0xE7,0xF6,0xAA,0x1A,0x96,0x6E,0xEF,0x80,0xFE,0xA2,0x52,0x9A}, 0xD40AA212u},
    {{0x16,0x36,0x1A,0x54,0xE7,0x9C,0xA6,0xBB,0xD2,0xBE,0xD4,0xB1,0xAD,0x2D,0xC7,0x5D}, 0x61320D33u},
    {{0x16,0x40,0x53,0x58,0xBC,0xA9,0x45,0x37,0x3C,0x0E,0xAA,0x91,0xDA,0x71,0x08,0x1D}, 0x029DA5B2u},
    {{0x16,0xA7,0x28,0xF5,0xCC,0x02,0xE3,0xA4,0x62,0x95,0x69,0x93,0x56,0xB5,0x4E,0x54}, 0x355FB478u},
    {{0x16,0xA8,0x00,0x3F,0x58,0x7C,0xF5,0x4A,0xC1,0xED,0xE3,0x00,0x5A,0x2E,0x3D,0xDD}, 0x78FA7AD9u},
    {{0x16,0xB4,0x93,0xBF,0x14,0xF7,0x5A,0xFE,0xD5,0x78,0xCA,0x17,0x96,0x53,0x21,0x9A}, 0x60CECDDCu},
    {{0x16,0xB7,0x0D,0x50,0xE4,0x7C,0x69,0x76,0x00,0xC3,0x05,0x8F,0x2F,0x0A,0xF6,0xAA}, 0xB539BF9Du},
    {{0x16,0xFB,0x3D,0x58,0x55,0x9F,0x6B,0xBC,0x9F,0xA1,0x0B,0x2D,0x92,0x33,0x51,0xA4}, 0x45131136u},
    {{0x17,0x48,0xB4,0xE4,0xA8,0x52,0xA3,0x33,0xAE,0xAD,0x8B,0xCF,0x1E,0xC9,0x2D,0x43}, 0x75F5DCD8u},
    {{0x17,0x58,0xBC,0x08,0xE6,0x78,0xEC,0x04,0x97,0xC0,0x4D,0x7A,0xA1,0x91,0x45,0x8E}, 0x515EE97Bu},
    {{0x17,0x6A,0xBD,0x0D,0xB0,0xBE,0xA2,0x01,0x34,0x59,0xA2,0xCE,0xA4,0xC1,0x7A,0x4F}, 0x54599238u},
    {{0x17,0xA2,0xFE,0xE2,0x7E,0x45,0xCE,0x83,0xA5,0xF0,0xAD,0x8A,0xE8,0x60,0xF1,0x41}, 0x56B7B0FEu},
    {{0x17,0xB7,0xE1,0xB3,0xFD,0xCB,0x91,0x1F,0x83,0x21,0x16,0x37,0x86,0x70,0x5F,0xFA}, 0xBF151A75u},
    {{0x17,0xE6,0x2F,0xE3,0x08,0x07,0x33,0xE8,0x0B,0x0F,0x28,0x1F,0x66,0x3B,0x2C,0xBB}, 0x126D04FCu},
    {{0x18,0x5A,0xA9,0x68,0x54,0x87,0xB8,0xB9,0x27,0xFA,0xDB,0x20,0xC8,0xDF,0x1C,0xCD}, 0x015C04DFu},
    {{0x18,0xD9,0x57,0xCB,0x15,0xF7,0xFF,0x11,0xCA,0x82,0xA0,0xA9,0xD2,0x3B,0x47,0x7B}, 0x68853837u},
    {{0x19,0x24,0x53,0x06,0x9B,0x80,0xD1,0x0F,0x32,0xE5,0x69,0x3B,0x19,0x2D,0xD6,0x62}, 0x1AA02755u},
    {{0x19,0x79,0x92,0xCC,0xFA,0x8A,0x7F,0xE2,0x60,0xA3,0x96,0xB9,0xCC,0xCD,0x0C,0xC0}, 0x2AF6E6F9u},
    {{0x19,0x88,0xE9,0x29,0xEE,0xFE,0xE1,0x6F,0xD7,0x5D,0xBF,0x2C,0xDD,0xD4,0xFF,0xBA}, 0x49752CD2u},
    {{0x19,0xEC,0xA0,0x29,0x13,0x76,0xDB,0x31,0x10,0x7C,0x11,0xF4,0xD9,0x33,0xF6,0x69}, 0xFE7C60D2u},
    {{0x19,0xFF,0xDC,0x06,0xF8,0xBF,0xC3,0x1C,0x91,0xA4,0x49,0x30,0xA5,0xB7,0x60,0x3A}, 0xD4808C45u},
    {{0x1A,0x02,0x0F,0xCB,0x5A,0x17,0x93,0x36,0x7C,0xC9,0x73,0xF5,0x5A,0x1D,0xEB,0x6D}, 0xFF1D2092u},
    {{0x1A,0x52,0x31,0x33,0xC0,0x0C,0x3D,0x9A,0x24,0x52,0x59,0xC1,0x84,0xF9,0x53,0x49}, 0x2CAA5762u},
    {{0x1A,0x90,0x0D,0xEA,0x85,0x8E,0x97,0xFE,0x76,0x72,0x07,0x9E,0x01,0xD0,0x2C,0xB3}, 0x2055B93Eu},
    {{0x1A,0x99,0x68,0xC4,0x46,0x32,0x83,0xFD,0x3C,0xAA,0x4E,0x4C,0x83,0x7E,0x1A,0x4B}, 0x6D3FEE92u},
    {{0x1A,0xA9,0x3D,0xAA,0x13,0x3B,0x4F,0x5B,0x88,0x82,0xC7,0x4D,0xEA,0xFB,0xBD,0x84}, 0x261471C0u},
    {{0x1B,0x0B,0x01,0x3D,0xE4,0xCC,0xAD,0xB3,0x52,0x4F,0xFD,0x75,0x32,0x7C,0x4C,0x44}, 0x12633431u},
    {{0x1B,0x56,0x73,0x61,0xB9,0x7B,0x44,0x68,0x6F,0x37,0xBC,0x42,0x5E,0x32,0xAC,0x08}, 0x6AC37050u},
    {{0x1B,0x88,0x39,0x29,0x80,0x79,0x3F,0xCB,0xBA,0xA8,0x60,0xA0,0xDB,0xA9,0x70,0x74}, 0x53CAD116u},
    {{0x1B,0xC8,0x3B,0x64,0x92,0x79,0x1F,0x12,0xB7,0xBB,0x85,0x9B,0x28,0x84,0x18,0x4E}, 0xA00C3E58u},
    {{0x1B,0xD2,0x1A,0x6E,0x9D,0x80,0xB7,0xE0,0xAB,0x69,0x01,0x34,0x57,0xA8,0xB4,0x07}, 0xEF2625B7u},
    {{0x1C,0x12,0x9E,0xE0,0xDE,0x45,0xDE,0xD7,0x0E,0xB0,0xE6,0x24,0x37,0x48,0x28,0x80}, 0xF26F81D2u},
    {{0x1C,0x54,0xB8,0x18,0x45,0x04,0x62,0x2A,0x1B,0x9D,0x89,0x1C,0x53,0x0B,0x3D,0x49}, 0xA7FB347Bu},
    {{0x1C,0x5B,0x2B,0x45,0xC9,0x79,0xA1,0xB1,0x5B,0x7D,0xA7,0xAA,0x90,0xBB,0x8E,0x4B}, 0xE8ADCDFCu},
    {{0x1C,0x89,0x82,0x48,0x96,0xB9,0x58,0xD1,0x16,0x27,0x82,0x39,0x6F,0xAD,0x82,0xC7}, 0x9BAEE339u},
    {{0x1C,0xFB,0x84,0x29,0x6B,0x42,0x54,0x08,0x1D,0x7E,0xEE,0x90,0xC8,0xFB,0x41,0x81}, 0x644E316Au},
    {{0x1E,0x17,0x61,0x57,0xA6,0x11,0xF9,0x37,0x4B,0x98,0x4A,0xD7,0xF5,0x3E,0xA7,0x0A}, 0x9BEFBD93u},
    {{0x1E,0x21,0x64,0x24,0xF6,0x3D,0x65,0x64,0xAF,0xE6,0x2C,0x0B,0x09,0x2D,0x95,0x54}, 0x908F7E8Fu},
    {{0x1F,0x31,0x39,0xD8,0x8B,0xAE,0xC1,0x87,0xE8,0x9A,0x36,0xB8,0xE5,0x34,0xF0,0x33}, 0xA290EA1Cu},
    {{0x1F,0x46,0x11,0x1B,0x27,0x38,0x58,0x2A,0x91,0x7B,0x50,0x44,0x80,0x32,0xDB,0xD1}, 0x9EE77C77u},
    {{0x1F,0x6B,0x8C,0xC9,0x26,0x06,0xF1,0x3C,0x22,0x4D,0xAA,0xAA,0x4F,0x9D,0x70,0x75}, 0x41AE357Au},
    {{0x1F,0x72,0xC4,0x1E,0x8E,0x77,0xFD,0xD6,0x7E,0x9E,0xE5,0x4F,0xC3,0xFA,0x8B,0x68}, 0x91189F8Fu},
    {{0x20,0x0B,0x53,0xD5,0xF0,0xAE,0x73,0x94,0x92,0x6B,0x94,0x6C,0x9D,0xCD,0x24,0xDE}, 0xADD99957u},
    {{0x20,0xBD,0xC3,0x0D,0x50,0x95,0x49,0x94,0xAF,0xD6,0xA8,0x51,0x2C,0x89,0x57,0x2E}, 0x650B5799u},
    {{0x20,0xCF,0xE9,0xDB,0x3A,0xAD,0x14,0x50,0x37,0xDA,0x58,0x5F,0xBA,0x86,0xFA,0xC9}, 0x64A6A45Fu},
    {{0x21,0x4C,0x44,0x63,0xA4,0xF7,0xE7,0xCD,0xAF,0x3A,0x31,0xF9,0x47,0x59,0x63,0xF8}, 0xFC9FE9C0u},
    {{0x21,0xA8,0xFA,0x3D,0xFA,0xA2,0xBE,0x23,0xFA,0xD1,0xE7,0xCA,0xE4,0xBC,0x6F,0x92}, 0x068BBCBDu},
    {{0x21,0xCB,0x7D,0x09,0x6E,0x50,0xEA,0x09,0xD8,0x1B,0xAF,0x88,0x33,0xBE,0xE8,0xBF}, 0xD8106CFCu},
    {{0x22,0x28,0x72,0x6F,0x16,0xB8,0xC0,0xCB,0x71,0x9C,0x78,0xBC,0x9B,0x6A,0x65,0x2C}, 0x01CDD4BCu},
    {{0x22,0x47,0x69,0x82,0x2B,0x01,0xFC,0xC6,0xA7,0xF7,0x1B,0xA3,0xA0,0x9B,0xC4,0x31}, 0xFC45E8B8u},
    {{0x22,0x96,0x02,0xD8,0xB5,0xEF,0x00,0x00,0x1E,0x57,0x21,0xD4,0x35,0x96,0x16,0x17}, 0xECC1FE98u},
    {{0x22,0x96,0x46,0x7E,0xAC,0x95,0xAC,0x63,0xFD,0xE3,0x43,0x5B,0x18,0xC2,0x53,0x62}, 0x98675145u},
    {{0x22,0x9D,0x7A,0xE6,0xC6,0x2E,0x8C,0xA1,0x02,0x70,0x1E,0x1D,0x3A,0x0B,0xCD,0xD3}, 0x42733DCCu},
    {{0x23,0x11,0x87,0x15,0x87,0x0B,0x66,0x55,0x78,0x6B,0xEA,0x17,0x80,0xA4,0x8C,0x86}, 0x1399B83Bu},
    {{0x23,0x70,0x7E,0x63,0xB4,0x2E,0x2E,0xD7,0x0C,0x52,0x7E,0xEF,0xF1,0x56,0x95,0x7F}, 0x5C5C0BB9u},
    {{0x23,0x90,0xCC,0x3D,0x69,0x9A,0x5C,0xC7,0x64,0x20,0xA1,0xB4,0xA7,0x7E,0x56,0x68}, 0x7293092Bu},
    {{0x23,0x99,0x77,0x4F,0xDA,0xB2,0xB4,0x3F,0x59,0x85,0x83,0x33,0x96,0xC6,0x1E,0x94}, 0x910184E1u},
    {{0x23,0xF4,0xC6,0xEF,0x4B,0xA1,0x8D,0x6F,0x8E,0xCF,0x60,0x21,0x30,0x00,0xC6,0x46}, 0x0C696DAEu},
    {{0x24,0x24,0xEE,0x62,0xFD,0xF6,0xA4,0xFB,0x3D,0x55,0x62,0x6B,0x2F,0xF4,0x62,0x12}, 0x7DAFAB83u},
    {{0x24,0x2D,0xD1,0x59,0x55,0xD6,0x68,0x24,0x87,0xC7,0x3E,0xE7,0xB1,0x2D,0x9F,0x4C}, 0x3F857406u},
    {{0x24,0x35,0xFA,0x2E,0xB7,0xA0,0x8A,0x4B,0x3D,0xB3,0x9F,0x5E,0x48,0x08,0x7C,0x75}, 0xD3F0501Fu},
    {{0x24,0x4A,0x55,0xAF,0x62,0x78,0x58,0x40,0x25,0x0E,0x3A,0xF4,0x3B,0x73,0x52,0x16}, 0xE0D30E90u},
    {{0x24,0x61,0xB4,0x0B,0xC6,0x46,0xE0,0x30,0x96,0x51,0x89,0x1A,0x6F,0x45,0x73,0x45}, 0x1F84AA4Au},
    {{0x24,0x81,0x51,0x17,0x4F,0x79,0x37,0x3B,0xA3,0x81,0x52,0x91,0xEC,0x04,0xF2,0x7A}, 0xD2D5268Bu},
    {{0x24,0xB2,0xAA,0xC9,0x84,0x7A,0xD5,0xFD,0x0E,0xB0,0xFE,0x66,0x65,0x36,0x0A,0xA9}, 0x219C5443u},
    {{0x24,0xD7,0xA8,0xED,0xA4,0xDA,0x56,0xFC,0x6B,0xE9,0x3D,0x49,0xBE,0x84,0xED,0xF3}, 0xD134C7D4u},
    {{0x25,0x10,0xF1,0x56,0x3B,0xBF,0x4A,0x59,0x4A,0x8F,0x22,0x2F,0xEA,0x83,0x08,0x7F}, 0x1B17939Eu},
    {{0x25,0x21,0xF9,0x3B,0x87,0x18,0xF3,0xEE,0xCC,0x6F,0xC0,0x52,0x76,0x2B,0x9E,0xC3}, 0x0C38FAA4u},
    {{0x25,0xD2,0x11,0xB1,0x23,0x89,0x18,0x58,0x42,0x32,0x49,0x79,0xFB,0xF1,0x8B,0x77}, 0x70F7CAF1u},
    {{0x25,0xFD,0x66,0x0D,0x69,0x90,0xD8,0x77,0x28,0x9D,0x15,0xD7,0x05,0x4A,0x79,0xA5}, 0x0FF7F222u},
    {{0x26,0x8A,0x82,0x20,0xE6,0x20,0x80,0x24,0x1B,0x00,0xA4,0xA9,0xFB,0x56,0xFD,0xD2}, 0x8434009Du},
    {{0x26,0xE3,0xA1,0xBA,0xE6,0xA7,0x85,0xB9,0x21,0x90,0x3C,0x80,0x4D,0xCB,0x8E,0xC2}, 0xFB89AEECu},
    {{0x27,0x25,0x4A,0xB0,0x6F,0x0F,0x85,0x52,0xD1,0x50,0xCD,0x99,0xDD,0xC9,0xCF,0x8F}, 0xAD0333D7u},
    {{0x27,0x45,0x69,0x33,0x26,0x89,0x1F,0xCB,0x69,0xDC,0x11,0x77,0x23,0xB8,0xA0,0xA0}, 0x9C86E578u},
    {{0x27,0x5A,0x5F,0x66,0x3F,0x59,0xC8,0x35,0xF1,0x26,0xFD,0x03,0x85,0xB4,0xB5,0xF8}, 0x0A7E08A7u},
    {{0x27,0x84,0xC0,0x81,0x8F,0x63,0x1C,0xC5,0x01,0x97,0x26,0xF6,0xC1,0xA2,0x68,0x48}, 0xED9E10D7u},
    {{0x27,0x84,0xC1,0x7B,0xAF,0xDB,0x2D,0x24,0x28,0x52,0x66,0xE1,0xFB,0xF9,0x4A,0xE4}, 0x2EABA738u},
    {{0x28,0x2D,0xC5,0x77,0x9D,0x6A,0x7A,0x54,0x58,0x84,0x85,0x66,0xC8,0x82,0xE1,0x8F}, 0xE238067Cu},
    {{0x28,0x87,0xE0,0xE5,0x57,0x71,0x06,0x10,0x43,0xA3,0xCE,0xDC,0xB2,0x1C,0x4D,0xDC}, 0x0909C90Fu},
    {{0x28,0x8F,0xA1,0x4C,0x9C,0xE9,0xB8,0xD5,0xD0,0x1E,0xE8,0x1C,0xBB,0x59,0x7E,0xC3}, 0x3AF1A341u},
    {{0x28,0xB0,0xF1,0x13,0xB0,0xBE,0x1A,0xE4,0x9C,0x1D,0xCB,0xA3,0x20,0x88,0xE6,0x81}, 0x13ADDF5Fu},
    {{0x28,0xFF,0x85,0x7D,0xEB,0xD3,0xF2,0xC2,0xBD,0xB9,0x72,0xF1,0x62,0x6F,0x97,0xE5}, 0xBB3E0E08u},
    {{0x29,0x34,0x2D,0xEA,0xEB,0xAF,0xB9,0x87,0x89,0xAF,0x6F,0x88,0x5B,0xFA,0x85,0x9C}, 0x4C7244C1u},
    {{0x29,0x44,0x91,0xBB,0x36,0x4A,0x30,0x09,0x11,0xB2,0x51,0xE0,0x1B,0x25,0x82,0xEA}, 0x25AEC5E4u},
    {{0x2A,0x11,0x59,0xF7,0x6E,0xFF,0x9B,0x4A,0x68,0x7F,0x17,0x2A,0x0D,0xFF,0x8E,0x22}, 0xE9362781u},
    {{0x2A,0x4B,0xA7,0x08,0x7B,0x8E,0x7E,0xE5,0xFE,0xF7,0xAC,0x63,0xAF,0xA3,0xA8,0xAB}, 0xBC3DAF6Du},
    {{0x2A,0x7F,0x67,0xE3,0x00,0x68,0xA9,0x6F,0xB2,0x99,0x86,0xC7,0x19,0x52,0xCF,0xCC}, 0x32349EDFu},
    {{0x2A,0x99,0x97,0x6B,0x7C,0xCF,0xB0,0x31,0x36,0xBB,0xE1,0x02,0xCF,0x05,0xFD,0xFB}, 0xBAD0D70Cu},
    {{0x2A,0xB9,0xFC,0x93,0x1E,0x3A,0x9B,0x8B,0xEE,0xDE,0xB2,0x7D,0xBA,0xD4,0x06,0x21}, 0xCD3E07F4u},
    {{0x2B,0x08,0x81,0x54,0xD1,0x6C,0x9B,0x7A,0x49,0x87,0xFA,0x87,0xE0,0xC8,0x68,0xF3}, 0xE53D78FBu},
    {{0x2B,0x1B,0xF7,0x4F,0xAF,0xC2,0xA1,0xB0,0xAC,0xA9,0x90,0x33,0x71,0xB4,0xAB,0x75}, 0x04D693A8u},
    {{0x2B,0x56,0xF0,0x3B,0xC4,0xDE,0x9B,0xB7,0x1D,0xAA,0xF5,0xAC,0x72,0x51,0x4D,0x03}, 0x590B542Fu},
    {{0x2B,0xDE,0x1D,0x4C,0x2D,0xAF,0x6E,0x4E,0x83,0xD9,0xA7,0xBB,0x33,0x1F,0x11,0x06}, 0x4AF3C057u},
    {{0x2C,0x1C,0x92,0x89,0x0E,0xF4,0xCE,0xCD,0x9A,0x84,0xC3,0x44,0x79,0x61,0x00,0x4C}, 0xE388FCB4u},
    {{0x2C,0x23,0x57,0xE2,0x7C,0xF3,0xED,0x4C,0xF8,0x8E,0x31,0x86,0x7B,0xB4,0xEE,0xFF}, 0x1B1E1B0Bu},
    {{0x2C,0x5E,0xC3,0xD5,0x4C,0x92,0xB1,0xAE,0x19,0x60,0xE3,0x89,0x79,0xAD,0xF8,0x94}, 0x9C2D4636u},
    {{0x2D,0x40,0xE1,0xDE,0xF8,0x65,0x1E,0x64,0xEE,0x2C,0x12,0xEF,0x5C,0xFA,0x9E,0xAA}, 0x940D3AA7u},
    {{0x2D,0x94,0x2D,0x6B,0x42,0xFA,0x4E,0x4A,0x1F,0x35,0x5D,0x17,0x06,0xD7,0xB7,0x8E}, 0x6D901CE0u},
    {{0x2D,0x9A,0x0D,0xF3,0x30,0x9A,0x27,0x8E,0xDF,0x4A,0x23,0xBF,0x24,0x3B,0x56,0x52}, 0x8B6386B4u},
    {{0x2D,0x9A,0xCC,0x3B,0x8D,0xA8,0x54,0xC8,0xB6,0xFB,0x2B,0x10,0xB2,0xCA,0xBC,0xA4}, 0xB4210396u},
    {{0x2E,0x8B,0x39,0xCD,0x66,0x11,0x60,0x72,0x6F,0x4B,0xEF,0x4C,0x87,0x51,0x2D,0xDD}, 0x43FF1AF2u},
    {{0x2E,0x9E,0x12,0x1C,0xBC,0xD1,0x27,0x14,0x6B,0x3B,0xBE,0x0C,0x8D,0xFA,0x51,0x28}, 0x8D70214Bu},
    {{0x2E,0xAC,0xC1,0x86,0x21,0xBE,0x0A,0x72,0x44,0xDF,0x4C,0xF8,0x0A,0xC1,0x45,0x70}, 0xCBC148EAu},
    {{0x2E,0xDE,0x73,0xF8,0x09,0xA6,0x4F,0x07,0x38,0x47,0x22,0xAB,0x2F,0xF6,0x9C,0xEA}, 0x3FBA740Au},
    {{0x2E,0xF7,0xF3,0xE5,0x8C,0x91,0x43,0xDE,0x25,0x75,0xC8,0xF8,0x1A,0x10,0xCE,0xA3}, 0xDBC375E2u},
    {{0x2F,0x32,0xB4,0xBE,0x5D,0xFB,0xA2,0x58,0xA8,0x11,0xBA,0x3F,0xA4,0x4A,0xCD,0x11}, 0x913E9465u},
    {{0x2F,0x34,0x69,0x27,0x48,0x84,0xE4,0xBD,0xB7,0xEB,0xD9,0xA0,0x06,0x54,0xD8,0x32}, 0x0B5562C6u},
    {{0x2F,0x47,0x76,0xBA,0xEB,0x10,0x6A,0x31,0xCA,0xE0,0xE7,0x2A,0xCE,0x4A,0x8C,0xD7}, 0xAD82D745u},
    {{0x2F,0x58,0x8B,0x1A,0x69,0x3D,0x69,0x1B,0xD9,0xD4,0x33,0x51,0xB0,0x17,0x48,0xB8}, 0x6447BB38u},
    {{0x2F,0x81,0x8A,0xE6,0x1C,0x8B,0x3C,0x9E,0xCA,0x41,0x18,0x50,0x1D,0x4A,0x36,0x88}, 0xF30B741Eu},
    {{0x2F,0xC9,0x3B,0x14,0x2D,0x6C,0xC1,0x77,0x61,0xF3,0xFF,0x86,0x20,0x31,0x0B,0x47}, 0xF095AAFFu},
    {{0x2F,0xFA,0x16,0x36,0xAE,0x2C,0xB3,0x08,0x7C,0x38,0x65,0xAD,0x9C,0xEB,0x58,0xEF}, 0x390B1E9Bu},
    {{0x30,0x2B,0x63,0x34,0x87,0xAB,0x92,0xD6,0x51,0x7D,0xD3,0x35,0x10,0xE7,0xDF,0x72}, 0xF59CA177u},
    {{0x30,0xD1,0x86,0x8B,0x3D,0x5B,0x12,0xA3,0x00,0x2A,0x97,0x81,0x61,0x5B,0x4B,0xD3}, 0xD83B6657u},
    {{0x30,0xDF,0xBC,0x18,0x1F,0xE7,0x68,0x0D,0x95,0xC6,0x44,0x45,0xC3,0xFA,0xAD,0x3D}, 0xA64C341Eu},
    {{0x31,0x33,0xD1,0x7A,0xA3,0xAA,0x42,0xE3,0x73,0x58,0x1C,0xEA,0xE0,0xD2,0xAE,0x72}, 0x07C480A2u},
    {{0x31,0x37,0x88,0x97,0xD1,0xA1,0xAB,0x49,0xAB,0x80,0x01,0xAF,0x82,0x1F,0xF8,0x8D}, 0x858C2E23u},
    {{0x31,0x40,0x02,0x60,0x0A,0xB1,0xFB,0xCE,0xF1,0xA8,0x4F,0x67,0xAC,0x25,0x0E,0xC4}, 0xF0672D15u},
    {{0x31,0x8D,0x6F,0x5E,0x7E,0x43,0xB6,0x8C,0x2A,0xDE,0x4A,0xDD,0x54,0x50,0x69,0x64}, 0xE19C8CADu},
    {{0x32,0x3F,0xB7,0xE6,0x45,0x52,0xDE,0x91,0x20,0x6C,0xCE,0x4E,0x8C,0x86,0xA7,0x86}, 0x07EA196Cu},
    {{0x32,0xAD,0x66,0x2B,0xBB,0x5C,0xB5,0x6A,0xC1,0x47,0x3E,0x32,0x7D,0x11,0x27,0xE3}, 0xDFF52331u},
    {{0x33,0x38,0x38,0xFF,0x8C,0xAD,0xA0,0xB7,0xD0,0xD7,0x7C,0x54,0xA4,0x9D,0xA9,0x8F}, 0x3F0CF728u},
    {{0x33,0x9E,0x8B,0x65,0x67,0x66,0x48,0x32,0x31,0xAF,0xB0,0x6C,0x6E,0x77,0x20,0x0B}, 0xA6971227u},
    {{0x33,0x9F,0x80,0x9E,0x71,0x26,0x6B,0x9E,0x6F,0x71,0xFD,0xD8,0x39,0xED,0x38,0x4E}, 0xC50FC54Au},
    {{0x33,0xF1,0x22,0x3D,0x12,0x95,0xB8,0x36,0x3B,0x23,0x37,0x83,0x34,0xD9,0x71,0x01}, 0x9595C72Du},
    {{0x34,0x87,0x3B,0x89,0x0F,0x19,0x58,0xF5,0xC5,0x4B,0x05,0x69,0x37,0xCD,0x3E,0xC1}, 0x71DA9D9Cu},
    {{0x34,0xC7,0x07,0x8D,0x96,0x5D,0x56,0xAB,0x5E,0xE2,0x6B,0xC4,0x4C,0xAC,0x90,0x08}, 0xE094A72Du},
    {{0x35,0x03,0xAC,0x65,0x47,0xEA,0xD8,0x7C,0x76,0x46,0x4B,0xCE,0xBE,0xEF,0x0E,0x91}, 0x4305AA26u},
    {{0x35,0x2A,0x5C,0x05,0x00,0x1F,0xC2,0x43,0x2D,0x1B,0x7F,0x39,0x09,0x8D,0x59,0x5E}, 0x6778AD95u},
    {{0x35,0x33,0x87,0x94,0x83,0xE0,0xFA,0x0C,0xE5,0x9B,0x66,0x29,0xA5,0x53,0x94,0xE6}, 0x01105E84u},
    {{0x35,0x42,0x20,0xA3,0x35,0xE4,0x93,0x7E,0x4C,0xE5,0xFC,0x41,0x43,0x7D,0x01,0x0F}, 0x1D289495u},
    {{0x35,0x42,0x60,0x61,0xBE,0x39,0x03,0x26,0xAE,0xF2,0x7F,0xF9,0x99,0x3C,0xBA,0x3D}, 0x6900179Cu},
    {{0x35,0x72,0x0B,0x45,0xB7,0x72,0xC1,0x3F,0xAF,0x16,0x70,0xA1,0x7C,0x13,0x8A,0x65}, 0x06896A5Fu},
    {{0x35,0x96,0x46,0x67,0x64,0x82,0x5B,0xE5,0xF2,0xFD,0xB7,0xA4,0x81,0x33,0xAF,0x35}, 0x03524EC6u},
    {{0x35,0xA3,0xE8,0x5B,0x6C,0x6D,0x7B,0x0D,0x59,0xDE,0xC1,0xB5,0x2E,0x30,0x97,0x0E}, 0x8B328EC5u},
    {{0x35,0xD9,0x36,0xF6,0x24,0x80,0x2A,0xA0,0xCE,0xC0,0xEA,0x1B,0x69,0x0C,0xF2,0x86}, 0x8327ACC3u},
    {{0x35,0xE0,0xC5,0x18,0x0B,0x9D,0x16,0xD0,0x26,0xC8,0x65,0xB2,0x52,0x09,0x8C,0xC1}, 0xD95AD03Fu},
    {{0x35,0xFE,0xDA,0x52,0xB0,0x70,0x14,0x2C,0xC8,0x7B,0x3F,0x0B,0x51,0xAF,0x78,0x21}, 0x5BCE258Fu},
    {{0x36,0x21,0x4B,0x7E,0x86,0x78,0xB2,0x45,0x77,0x0C,0xFF,0x84,0x88,0xB2,0xC3,0x57}, 0xDF662844u},
    {{0x36,0x50,0x5C,0xDC,0x62,0xED,0x6B,0x44,0xB3,0xA4,0x83,0x81,0xA3,0x1E,0x7C,0xA3}, 0x3CE21DC9u},
    {{0x37,0x02,0x01,0x51,0x28,0x3D,0x62,0x34,0xB0,0x55,0x4B,0x26,0x0F,0xD8,0x20,0xCE}, 0x52788DF1u},
    {{0x37,0x10,0xB4,0x6E,0xBE,0x0A,0x63,0xCF,0x93,0xDA,0x3E,0x97,0x6E,0xEF,0x4D,0xC0}, 0xF272A56Du},
    {{0x37,0x13,0x47,0x07,0x9E,0x84,0x46,0x53,0x1F,0x10,0xAC,0x3F,0x42,0x38,0xC8,0x6D}, 0x14E5BE32u},
    {{0x37,0x2A,0xF1,0xA9,0x89,0x3F,0xCD,0x03,0xEF,0xF3,0x42,0x35,0xEB,0x8D,0x07,0x65}, 0x8D28D46Du},
    {{0x37,0x71,0x66,0x0B,0x3F,0x2C,0xFD,0x30,0x54,0xA0,0xC5,0xAA,0xB0,0x71,0xE3,0xDC}, 0x663AADD9u},
    {{0x37,0xF9,0xC2,0x67,0xEA,0xB9,0x33,0x3E,0x27,0x01,0xA1,0x6C,0x74,0xCE,0x5E,0x0B}, 0x956DFD36u},
    {{0x38,0x0F,0xD1,0x69,0xFC,0x5F,0x51,0xD7,0x24,0xCE,0x90,0xBF,0xC0,0x3E,0xB2,0x42}, 0x3C1F6D2Du},
    {{0x38,0x19,0xBB,0x3A,0xFC,0xA6,0xC6,0x39,0xDA,0xBB,0xBF,0xEC,0x25,0xEB,0x35,0xB7}, 0x66199F8Fu},
    {{0x38,0x55,0x04,0x58,0xE6,0x89,0xEA,0x5B,0xFF,0x1E,0xCB,0x17,0xEF,0x20,0x94,0x91}, 0x950B1D89u},
    {{0x38,0x8D,0xE4,0x8C,0x78,0x3B,0xCE,0x31,0xA1,0xBC,0x97,0x2F,0xDE,0x9E,0x68,0x99}, 0xAE1E1F57u},
    {{0x38,0xAF,0x03,0xCA,0x5C,0x60,0xDA,0xCE,0xF9,0xD0,0xF7,0x71,0x67,0xC5,0x9A,0x40}, 0x4088A7EEu},
    {{0x38,0xCE,0x58,0x84,0x93,0xE1,0xFA,0x56,0x37,0xE3,0x64,0x05,0xA6,0x64,0xBC,0xAD}, 0x79DA1368u},
    {{0x38,0xD3,0xC0,0x69,0x11,0x64,0xF8,0x42,0x41,0xDE,0xAD,0xF9,0xDA,0x18,0x2D,0x35}, 0xE8790D20u},
    {{0x38,0xE2,0x22,0x5F,0x9D,0x2F,0x07,0x86,0xE0,0x7E,0x0F,0xCB,0x3B,0x35,0xDB,0xDA}, 0xACD5927Fu},
    {{0x39,0x82,0x67,0xE9,0x86,0x35,0xC4,0xB0,0xD2,0xAB,0x94,0xE7,0x74,0x30,0x05,0xD6}, 0x43572C8Bu},
    {{0x39,0x9F,0xBC,0xE1,0xAF,0x83,0x85,0x74,0x76,0xF2,0x26,0x04,0xA9,0xEF,0xA9,0x48}, 0x0BD0F6BDu},
    {{0x3A,0x85,0x10,0x97,0x3C,0x8E,0x07,0xC2,0xD1,0xCF,0x80,0xDC,0x2C,0x02,0x64,0x01}, 0x26F01422u},
    {{0x3A,0xA5,0xAA,0xBD,0x52,0x95,0x74,0xD1,0x02,0x06,0xE0,0x8F,0xFD,0xAE,0x5D,0xFC}, 0x7461484Du},
    {{0x3A,0xD8,0xA1,0xCF,0x57,0x76,0x24,0x69,0x5B,0x30,0xE3,0xAB,0x5F,0x0C,0xD5,0x79}, 0x52C4F9CDu},
    {{0x3B,0x69,0x03,0xF7,0x41,0xA0,0xBE,0xE0,0x76,0x70,0x40,0xC2,0xDB,0x65,0x38,0x9F}, 0xB55BDAB8u},
    {{0x3B,0x7C,0x4D,0x49,0x78,0x35,0x0F,0x7F,0xA9,0x67,0x66,0xEE,0x38,0x66,0xA9,0xA9}, 0x7D2A40F7u},
    {{0x3B,0xC2,0x96,0x4D,0x3E,0x18,0xB4,0xD2,0x57,0x21,0xEA,0x89,0x6A,0x77,0x71,0x92}, 0x1B0A972Du},
    {{0x3B,0xF6,0x6A,0x51,0x45,0x1E,0x65,0x4E,0xC7,0x73,0x17,0x63,0x47,0xF3,0xD9,0x95}, 0x6578FA41u},
    {{0x3C,0x73,0x69,0x25,0xC8,0x46,0xC9,0xBB,0x26,0x17,0xDC,0x32,0xF0,0x61,0x42,0x79}, 0x56CB2BC0u},
    {{0x3C,0xD7,0x24,0x12,0x3B,0x97,0xEE,0xD9,0xB5,0xFA,0x8D,0xDE,0x3F,0xD4,0xD9,0xAA}, 0x6478FAA2u},
    {{0x3C,0xF9,0x48,0x36,0x87,0x32,0x88,0xF0,0x2B,0x13,0xC1,0xF9,0x36,0xC1,0x8D,0x53}, 0xD1DD648Du},
    {{0x3D,0x6B,0xAE,0x72,0xAE,0xD3,0x87,0xF3,0x44,0x03,0x5C,0x83,0xAA,0xCE,0x48,0x1F}, 0xCAFB5ED9u},
    {{0x3D,0x98,0xC5,0xF6,0xEA,0x65,0x1D,0xE7,0x64,0x4D,0xA4,0xD7,0x49,0xC6,0x06,0x8F}, 0x7C2BF801u},
    {{0x3D,0x99,0xC9,0x9E,0x66,0xEA,0xB9,0x67,0x7B,0x99,0x1F,0x1E,0xDF,0x12,0x08,0xA7}, 0x82CBD699u},
    {{0x3D,0xC4,0x64,0x97,0xB7,0x5A,0xDC,0xC5,0xA8,0x57,0xB6,0x04,0xC9,0xA2,0x11,0x86}, 0x4BAA2EFDu},
    {{0x3D,0xFE,0xA0,0x79,0x5C,0x5B,0x9D,0x8D,0x49,0x60,0x6D,0xBD,0x14,0x2A,0xCB,0xAD}, 0x5922A57Du},
    {{0x3E,0x80,0xAF,0x32,0xA6,0xC4,0xAE,0x14,0xA2,0x24,0xCC,0x3A,0xF1,0x36,0xDD,0x76}, 0x005EA473u},
    {{0x3E,0xDD,0x22,0x5B,0x44,0xB9,0xFB,0xC7,0x5B,0xA5,0xDF,0x5A,0x1F,0x1C,0x72,0xFC}, 0x3DDE3693u},
    {{0x40,0x32,0x2C,0xBE,0xBB,0x1D,0x99,0x2D,0x8B,0x90,0xD4,0x03,0xB6,0x4D,0x25,0xB6}, 0xE13D8E4Fu},
    {{0x40,0x33,0x32,0x5F,0x50,0x3F,0x99,0xCB,0x6A,0x1D,0xC4,0x40,0x67,0x4A,0x08,0x4F}, 0x6B4235CDu},
    {{0x40,0x60,0xA6,0x97,0x6E,0x1A,0xF0,0x8E,0x43,0xA8,0x55,0x6A,0xCA,0x02,0xC4,0xEF}, 0x21D144E5u},
    {{0x40,0x7A,0x97,0x53,0x9A,0x42,0xFD,0x25,0x55,0xB9,0xE3,0xCF,0x80,0xFF,0xFB,0x0D}, 0x509C5F5Eu},
    {{0x40,0xE4,0x0D,0x04,0xB6,0x0F,0x27,0x29,0x33,0x11,0xF4,0x87,0x07,0x0C,0xDF,0x72}, 0xA89AB49Eu},
    {{0x40,0xE5,0xF0,0x0F,0x5E,0x1C,0xD5,0x03,0xDB,0xDC,0x2D,0x69,0x99,0x0C,0x9A,0x6F}, 0xB36CF1E4u},
    {{0x41,0x02,0x64,0xBD,0xE7,0xB5,0x99,0x70,0x12,0xAA,0x96,0x27,0x27,0x05,0xFF,0xC3}, 0x6132B5C4u},
    {{0x41,0x0C,0x07,0xF0,0xDC,0x93,0xAC,0x92,0x81,0x44,0xFA,0xCB,0xAC,0x7B,0x67,0x87}, 0x100B23C3u},
    {{0x41,0x1D,0xD6,0xF0,0x40,0x25,0xE9,0x77,0xAE,0x17,0x9F,0xF2,0xA5,0x32,0x89,0xBD}, 0x9624DB0Du},
    {{0x41,0xAC,0x74,0x2F,0x38,0x1F,0x57,0x17,0x13,0x19,0x04,0x7A,0xE2,0xFE,0xA3,0xF9}, 0xB2B5F005u},
    {{0x41,0xDA,0xB1,0x3D,0x96,0x03,0x06,0x0C,0xF9,0xA7,0xED,0x17,0xD6,0x57,0x49,0x05}, 0x059F8C8Eu},
    {{0x41,0xFC,0x67,0x40,0x94,0x6D,0x13,0x83,0x3B,0x6D,0x74,0x76,0x5D,0x54,0x17,0xC5}, 0xE42C4F00u},
    {{0x42,0x97,0xC7,0x5B,0x26,0x5C,0x68,0xEE,0x4E,0x81,0x60,0x10,0x0B,0x26,0x21,0xF9}, 0x763B3C81u},
    {{0x42,0xA0,0x75,0x5A,0xEB,0x27,0x98,0x03,0xF9,0x24,0x6C,0x68,0x6C,0x28,0x8D,0xC3}, 0xE25FB6A7u},
    {{0x42,0xF2,0xC8,0xC1,0xD6,0x48,0xCD,0xE0,0x37,0x2F,0x41,0x4C,0xD9,0xD4,0xEA,0xC6}, 0x8195FB06u},
    {{0x43,0x0C,0x1A,0x24,0x18,0xF4,0x62,0x83,0x91,0x04,0x02,0x74,0x8B,0xF4,0xE0,0x15}, 0x63FE2CEAu},
    {{0x43,0x20,0x07,0x89,0x50,0x48,0xE4,0x36,0xBF,0xD7,0xE5,0x6C,0xB4,0x72,0xEB,0x16}, 0x16E20EEFu},
    {{0x43,0x20,0x79,0x8B,0x31,0x1D,0x6D,0x32,0xF7,0xDD,0x3C,0xD9,0x0B,0xCA,0x39,0xD5}, 0x65D6B224u},
    {{0x43,0x24,0x11,0xCC,0x87,0x41,0x3F,0xF4,0x3B,0xE5,0x5A,0xD2,0x55,0xB9,0xB4,0x7E}, 0xF823937Eu},
    {{0x43,0x6B,0x1C,0xF9,0x43,0xB0,0xBA,0x1D,0x21,0x7D,0x5A,0x63,0x1B,0x69,0x4D,0xAA}, 0xD54D95C6u},
    {{0x43,0x9F,0x03,0x5E,0xEA,0xDA,0xFE,0xA8,0x9B,0x63,0xD5,0x10,0xDA,0x78,0x5C,0x68}, 0x1D18AD69u},
    {{0x43,0xD0,0x2B,0xC0,0x01,0x71,0xF7,0x94,0x1D,0x95,0x61,0x13,0xA8,0x1A,0xA2,0x22}, 0x635508A9u},
    {{0x44,0x85,0x5A,0x01,0xCC,0x99,0x59,0x92,0xAC,0x7E,0x59,0xC1,0xCE,0x45,0xBA,0xBE}, 0xE08265ACu},
    {{0x44,0xF1,0xEA,0x6F,0x3F,0xA3,0x2C,0xE4,0x74,0x8A,0x2D,0x04,0xEF,0xCD,0x85,0xD5}, 0x3054BA94u},
    {{0x45,0x3D,0xF2,0x2C,0xE3,0x3D,0x9E,0x5A,0xFF,0x3A,0xF9,0x98,0x90,0xDA,0x5A,0xF3}, 0xBC50F47Fu},
    {{0x45,0x79,0xC3,0x61,0x84,0xD4,0xAA,0x05,0xCE,0x92,0xD9,0x7D,0x95,0xF0,0xEB,0x0B}, 0xEE925391u},
    {{0x45,0x92,0xB5,0x5C,0xA3,0xC9,0x57,0xD9,0x46,0xD6,0x8C,0x6A,0x43,0x0D,0xA4,0x2F}, 0x7F986B1Cu},
    {{0x45,0xEC,0xC3,0x4F,0x25,0x22,0xDF,0x00,0x46,0x67,0x5B,0xE7,0xB7,0xDA,0xE9,0xC4}, 0x845DFDF6u},
    {{0x46,0x58,0x31,0xE8,0xAD,0x95,0x64,0xD0,0xB2,0x8A,0xBE,0x5C,0x83,0xF8,0x07,0x03}, 0x25E5F6C5u},
    {{0x46,0xBF,0xB7,0x52,0xE7,0x28,0xD8,0x23,0x23,0xAF,0xD7,0xAB,0x38,0xA5,0x8F,0xEF}, 0xD8C82F4Au},
    {{0x46,0xE8,0xBF,0xB9,0x3E,0x80,0xB3,0xDF,0xFC,0xF6,0x8B,0xF3,0x33,0x3B,0x3B,0xA0}, 0x91F21B7Eu},
    {{0x47,0x0D,0xD9,0xCC,0xE2,0x00,0xF3,0xE6,0x97,0x13,0x66,0xCA,0x73,0x2D,0x4B,0xBF}, 0x82DB43F3u},
    {{0x47,0x25,0x49,0x50,0xD4,0xAE,0x5D,0x4B,0x84,0xFB,0x9E,0x50,0x58,0x1A,0xB1,0x07}, 0x0E015ED6u},
    {{0x47,0x4D,0xBD,0x18,0x77,0xBA,0xC1,0x66,0xB6,0xBB,0xBA,0xC6,0xF9,0x0B,0xC9,0xDF}, 0xE34F5DE4u},
    {{0x48,0x90,0xE0,0xAA,0x8A,0xDD,0x00,0x76,0xE4,0xD6,0x3C,0x8B,0x8D,0x6A,0x19,0x69}, 0xF030114Au},
    {{0x48,0x95,0xE3,0x08,0x5F,0x3A,0x79,0xFB,0xA1,0x59,0xA7,0x0C,0xDF,0x92,0x62,0xEA}, 0x7F90E5C2u},
    {{0x48,0x9A,0x24,0x36,0x5D,0x83,0x2E,0x0A,0x4B,0xB7,0xD6,0x82,0xD9,0x72,0xBE,0xC5}, 0x2DE36719u},
    {{0x48,0xD3,0xDE,0xAE,0x9C,0x27,0x36,0xE5,0x73,0x68,0x5D,0xF2,0x06,0xC0,0x63,0xF3}, 0xC3ABB373u},
    {{0x48,0xE8,0x71,0x4C,0x46,0xE6,0xCF,0x66,0x9C,0x37,0x20,0xED,0xDC,0x39,0x13,0x61}, 0x3F5012B0u},
    {{0x49,0x24,0x43,0x88,0xC1,0x2B,0x1C,0x71,0xE6,0x5A,0xF5,0xF1,0x87,0x51,0xBF,0xC1}, 0x00A4738Du},
    {{0x49,0x50,0xD4,0xB4,0x3D,0xD3,0x73,0x9B,0x78,0x94,0x18,0x2E,0x76,0xAF,0xC2,0x7F}, 0xA3423424u},
    {{0x49,0x8E,0xE3,0xA9,0x73,0x73,0x4A,0x71,0x67,0xEE,0x10,0xB6,0x10,0xD1,0x10,0xFC}, 0xB3F3810Du},
    {{0x49,0xE1,0xBE,0x27,0x1B,0x23,0x13,0x1A,0xAF,0x67,0x85,0x49,0xD8,0x05,0xA1,0x58}, 0xDA25DC84u},
    {{0x4A,0x02,0x72,0x49,0x7B,0x35,0xCA,0xB2,0x2F,0x86,0xCC,0x0E,0x3A,0x4C,0x02,0x0C}, 0x8C5577D7u},
    {{0x4A,0x11,0x59,0x97,0xC8,0xEA,0x18,0xC1,0x5D,0x36,0x53,0xF6,0x4A,0x04,0x6B,0x63}, 0x5F7EDDBEu},
    {{0x4A,0x24,0xF6,0x0F,0x08,0x80,0x5A,0xB7,0xD4,0x12,0x09,0xC3,0xA5,0xFF,0x5B,0xBA}, 0xC14FCFBAu},
    {{0x4A,0x49,0x77,0x96,0xAF,0xB5,0xA5,0x02,0xD1,0x5E,0xB8,0xDA,0x58,0xDF,0x37,0x99}, 0x89C433A9u},
    {{0x4A,0x81,0xE7,0xC2,0x80,0x09,0x12,0x3C,0x62,0xB1,0x6D,0x71,0x2B,0x5C,0xA0,0x7E}, 0xDE94B90Du},
    {{0x4A,0xAC,0xF7,0xB1,0xE6,0x89,0x85,0xD3,0x56,0xF8,0x46,0xB0,0xA2,0xA7,0xB7,0x1E}, 0x53326B5Fu},
    {{0x4A,0xD1,0x88,0xB2,0xB3,0xDD,0xCB,0xF0,0x20,0x65,0x0D,0xE1,0x6D,0x61,0xB3,0x62}, 0xFD22CE33u},
    {{0x4A,0xE6,0x5B,0x10,0xE7,0xF1,0xD4,0x1A,0xAB,0x41,0x52,0x94,0x99,0x99,0x1C,0xFE}, 0x3E79FA93u},
    {{0x4B,0x1F,0x70,0x41,0xED,0x3F,0x3A,0xA4,0xC5,0xF2,0xAE,0xE4,0x6F,0xF6,0xDF,0xDC}, 0xDF7CC787u},
    {{0x4B,0x24,0x87,0xC6,0x44,0xC8,0x39,0x1B,0x3F,0x25,0x6D,0xDB,0x35,0xEB,0x68,0x3F}, 0x48C03281u},
    {{0x4B,0x43,0x58,0x4F,0x31,0xE5,0xAE,0xD4,0x50,0xC3,0xA5,0x84,0xC5,0x15,0xDD,0x8B}, 0xC125542Fu},
    {{0x4B,0x6F,0x80,0x41,0xCD,0xAD,0xB5,0x18,0x2B,0x29,0xBB,0xD4,0xD1,0xF0,0x7F,0x7E}, 0xA18EAE95u},
    {{0x4C,0x31,0x2A,0xB4,0x66,0x51,0xBD,0x61,0x6E,0x47,0xEC,0xE3,0xFE,0x9A,0x31,0x99}, 0x81F2BA52u},
    {{0x4C,0x3C,0xA0,0x4A,0x79,0x59,0xA5,0x6D,0xBF,0xB9,0x2A,0x25,0xFA,0x1D,0x05,0xC8}, 0x7F78ACBFu},
    {{0x4C,0x43,0x3B,0x27,0x96,0xA6,0x90,0xF0,0x26,0x77,0xD9,0x27,0x8E,0x53,0x4B,0xF8}, 0x518953D2u},
    {{0x4C,0x46,0x4B,0x51,0x35,0x16,0x7A,0x27,0xC0,0x89,0x22,0x67,0x9D,0x60,0x96,0x63}, 0xD761FFB3u},
    {{0x4C,0x5A,0xB3,0x8B,0x0A,0x69,0xED,0xEC,0xF9,0xA5,0x5A,0x7E,0xFC,0xB7,0x13,0xC3}, 0x6041F77Fu},
    {{0x4C,0x69,0x25,0xEA,0x22,0x95,0xD9,0x62,0x39,0x11,0x60,0x21,0x43,0x5B,0x8B,0xBE}, 0x55404C83u},
    {{0x4C,0x79,0xC8,0x8C,0x97,0x1D,0x8C,0x6C,0xAF,0xF0,0x04,0x6E,0xA9,0x3F,0x9A,0x66}, 0x753C110Cu},
    {{0x4C,0x9C,0x19,0x09,0xF3,0x3A,0xC2,0xBE,0x04,0xB8,0x78,0x50,0x6E,0x57,0x43,0x3A}, 0x46791B45u},
    {{0x4C,0xE4,0x53,0x4E,0xBA,0xCF,0x2F,0x21,0x45,0x5F,0x33,0x3F,0xAD,0x1F,0x49,0x38}, 0x72183B6Au},
    {{0x4D,0x65,0x72,0x80,0x25,0x7D,0x8F,0x39,0x0C,0xCA,0xE0,0xE1,0x83,0x5E,0x7A,0x4B}, 0xE464E578u},
    {{0x4D,0x69,0x91,0x12,0x55,0x29,0x03,0xE4,0xA6,0x22,0x98,0xE7,0x97,0x99,0x90,0x27}, 0x717421B4u},
    {{0x4D,0xF0,0x76,0xC4,0xAA,0x38,0xC2,0xB7,0x8A,0xAB,0x6D,0xEC,0x8E,0xF6,0xBE,0x9A}, 0x71BCCC74u},
    {{0x4E,0x72,0x7B,0xB5,0xF8,0x86,0x49,0x69,0xC2,0xB6,0x4D,0xDF,0x17,0xD2,0xE6,0x8B}, 0x1ADEA232u},
    {{0x4E,0xD5,0x96,0x42,0xA0,0xD2,0x08,0xF2,0xC2,0x19,0x72,0x39,0x9B,0xC0,0x1F,0x8A}, 0x9CA0AB28u},
    {{0x4E,0xF3,0x4D,0xCF,0x44,0xE5,0x34,0x21,0x83,0xCF,0xC3,0xD1,0x9B,0x4F,0x2B,0x1D}, 0x2455E2F3u},
    {{0x4F,0x5B,0x30,0xB5,0x4E,0x7B,0xB7,0xA6,0x21,0x47,0xC1,0x82,0xE2,0x44,0x4D,0x98}, 0x868717B4u},
    {{0x4F,0x64,0x05,0x37,0x54,0x0F,0x13,0x1C,0xB9,0xEA,0xAE,0x0F,0xD4,0xFE,0x83,0x99}, 0x6F394B31u},
    {{0x50,0x6F,0xDC,0x6D,0x9D,0x12,0x95,0x92,0x79,0xDB,0x60,0x00,0x05,0xFB,0xF7,0x96}, 0x35812A05u},
    {{0x51,0x08,0xB2,0xB7,0x50,0x7C,0x3E,0x91,0x81,0xEC,0x27,0x71,0x53,0x5A,0x72,0x12}, 0x0AAB1F95u},
    {{0x51,0x3B,0x8E,0x8E,0x19,0x86,0x05,0x64,0x24,0xFB,0x1D,0xF3,0x2D,0xFD,0x00,0xD0}, 0xBFC59890u},
    {{0x51,0x7F,0x06,0x2E,0xAF,0xB0,0xCD,0x09,0xD2,0x6E,0x65,0x10,0x8C,0x0F,0x56,0xFC}, 0xF7AE4FACu},
    {{0x51,0x83,0x1D,0xF2,0xF8,0x05,0x6D,0xBB,0xB2,0xD4,0x48,0x8E,0x48,0x25,0x62,0x64}, 0x80443B8Fu},
    {{0x51,0xC5,0xE1,0x17,0x08,0xEA,0xD4,0x5B,0x24,0x19,0xFB,0x03,0x13,0xD9,0x56,0x5F}, 0x50168F34u},
    {{0x52,0x85,0xC5,0xAC,0x6F,0x6E,0x8D,0x0E,0x64,0x82,0xB4,0xAC,0x8B,0x47,0xFB,0x58}, 0x495FFFE5u},
    {{0x52,0xDE,0x96,0x07,0xD9,0x1F,0x8A,0x47,0x04,0x25,0x25,0xA8,0x8B,0xD3,0x93,0x35}, 0x4CB69901u},
    {{0x52,0xE3,0x76,0x95,0xA3,0x6D,0xA5,0xEB,0x3E,0x05,0xE0,0x6F,0x4E,0x3A,0x4D,0x42}, 0xBBC54434u},
    {{0x52,0xF4,0x12,0x5E,0x76,0x68,0x53,0xFE,0xA7,0xE2,0xFB,0x00,0xF1,0x4E,0x18,0xCA}, 0xB7C847F8u},
    {{0x52,0xF7,0xFF,0xB2,0x29,0x41,0xF0,0xB3,0xE5,0x0C,0xD4,0x72,0xAC,0xF1,0xB5,0x5D}, 0x3E77796Eu},
    {{0x53,0x50,0xEB,0xD5,0x9A,0xB0,0x6B,0xB8,0x02,0x7F,0x27,0x40,0x72,0x57,0x69,0x62}, 0x8CB44802u},
    {{0x53,0x87,0xB2,0x0C,0xDD,0x7C,0x59,0xC3,0xF5,0xBC,0x42,0x51,0xB1,0x94,0xD1,0x97}, 0x35A0F547u},
    {{0x53,0xB4,0xA6,0xBB,0x2D,0x78,0xA1,0x36,0xB9,0x1E,0x19,0xD7,0xFB,0x23,0xE3,0x2F}, 0x5CB655C3u},
    {{0x53,0xED,0xCC,0x5A,0x99,0xD6,0x25,0x52,0xEE,0x65,0x0D,0x19,0x5E,0x08,0x8B,0xAB}, 0x1EBDDB3Eu},
    {{0x54,0x05,0x46,0x79,0x2F,0x8F,0x98,0xF0,0xC2,0x28,0x14,0xE8,0xD1,0x58,0xAF,0xD5}, 0x820DCCCAu},
    {{0x54,0x11,0x61,0x49,0xBA,0xDD,0x44,0x0B,0x6E,0x10,0xFE,0x22,0x99,0x7C,0x2A,0x8D}, 0x7649E3A6u},
    {{0x54,0x4C,0xCE,0x36,0xA4,0x19,0x6C,0x8C,0x57,0x23,0x25,0x1C,0xB3,0x26,0x15,0xA4}, 0x552D6EFBu},
    {{0x54,0x82,0x59,0xA2,0x8B,0xF2,0x04,0xEA,0x18,0x5B,0xDC,0x6C,0xB4,0x60,0x83,0x90}, 0x701595CFu},
    {{0x55,0x2A,0x8B,0xFC,0x62,0xB1,0x2D,0xB3,0xA1,0x07,0x30,0xD6,0xF4,0x16,0x2B,0xAF}, 0x4B7744D6u},
    {{0x55,0x7E,0x8B,0x36,0x6A,0x23,0x2F,0xD9,0x21,0x62,0x7F,0xFB,0xBD,0xC6,0xEE,0x1D}, 0xE85FD1C9u},
    {{0x55,0xA5,0xFA,0x1E,0x7F,0x65,0x45,0xD9,0xAF,0xE8,0xBB,0xB7,0x96,0xF3,0xA0,0x3B}, 0x5EECD8AAu},
    {{0x56,0x29,0x2A,0x67,0xE2,0x10,0x15,0x06,0x25,0x1E,0xA6,0x66,0x0B,0xA1,0xC0,0x72}, 0xF5366204u},
    {{0x56,0x61,0xCC,0xD6,0x0A,0xE5,0x9B,0x94,0x8C,0x69,0x30,0xB1,0xDE,0xB7,0xBD,0xE9}, 0x81E7EA32u},
    {{0x57,0x2F,0xA0,0x8D,0x7A,0x49,0x0A,0x6B,0xCE,0xC5,0x6F,0xF5,0x45,0x5D,0xEF,0xD9}, 0xBCD69AEDu},
    {{0x57,0x50,0xD7,0x19,0x40,0xB7,0x79,0xF0,0xC7,0x3B,0xE5,0x03,0xC5,0xDE,0x66,0x86}, 0xB359DDE7u},
    {{0x57,0xC4,0xE2,0x88,0x05,0xF0,0xFB,0xA3,0xC1,0xD7,0x36,0x65,0x60,0x8A,0xAD,0x91}, 0xBFFF96F7u},
    {{0x58,0x12,0x35,0x4C,0x38,0xD1,0x1E,0x5B,0xE5,0x79,0x5A,0x4C,0x61,0x53,0x1B,0x57}, 0x0621C274u},
    {{0x58,0x1E,0x9C,0x5B,0x64,0xA9,0x2D,0x54,0xB5,0x41,0x00,0x4C,0xBA,0xAC,0x94,0x59}, 0x34B7201Fu},
    {{0x58,0x26,0xAF,0xE8,0xB2,0x23,0xD2,0x70,0x86,0xA1,0xAB,0x2B,0xC2,0xE3,0x43,0x8D}, 0x52E8D5F3u},
    {{0x58,0x57,0xCB,0xC9,0xB1,0x83,0xD8,0x27,0x44,0x00,0xFE,0x21,0x56,0x10,0x45,0x2C}, 0xD69C5E9Du},
    {{0x58,0x85,0x96,0xC8,0x73,0x5C,0xCF,0x20,0xA0,0x78,0xDB,0x1D,0x88,0x65,0x65,0xCD}, 0x3228B516u},
    {{0x58,0xBE,0x71,0x15,0x9D,0x97,0x24,0x7D,0x23,0x11,0xD3,0x5B,0x09,0x1E,0xB7,0xD3}, 0x44E6CAFDu},
    {{0x58,0xFA,0x85,0x03,0xDC,0x46,0x56,0xAE,0xBD,0x3E,0xE0,0xFA,0x60,0xFE,0xDF,0x7E}, 0xC644B441u},
    {{0x59,0x0C,0xEA,0x5C,0x12,0x40,0x72,0x95,0x34,0xB2,0xD8,0x76,0x9A,0x9F,0xF0,0xD2}, 0xEC96A03Cu},
    {{0x59,0x35,0xD9,0xB4,0x7F,0xF7,0x39,0xE6,0x32,0x43,0x64,0x70,0xB5,0xA1,0xDB,0x9F}, 0xD2394E13u},
    {{0x59,0x46,0x15,0xD6,0x37,0x94,0xB1,0xAD,0xF2,0xE3,0x81,0x48,0x3D,0xED,0xE5,0xDA}, 0x1B5CA2A5u},
    {{0x59,0x5A,0x79,0x24,0xBE,0x0E,0xF8,0x17,0xD5,0x3B,0x59,0x7C,0x4A,0x2F,0xC1,0xB8}, 0xC161D004u},
    {{0x59,0xD6,0x74,0x4B,0xE5,0x2A,0xD1,0x64,0x43,0x4E,0xE4,0xF0,0x98,0xA8,0x0A,0x20}, 0x2121E359u},
    {{0x59,0xF3,0xD2,0xE4,0x92,0x0A,0x89,0x02,0xA8,0xB4,0x05,0x6A,0x22,0x72,0x8A,0xD9}, 0x65778DDCu},
    {{0x59,0xF8,0xE5,0xB5,0xAD,0xFF,0x0F,0xB9,0x59,0x12,0xC9,0xF0,0xC7,0xCB,0xD6,0x5C}, 0xCE701C33u},
    {{0x5A,0xD5,0xE2,0x6C,0x2C,0x81,0xB1,0xC4,0x18,0x27,0xC6,0xB7,0xE9,0xF1,0xEE,0xEE}, 0xC7952022u},
    {{0x5B,0x06,0x54,0x2C,0x4B,0x25,0x64,0xF1,0x5E,0x0B,0x99,0xDB,0x43,0xB7,0xC7,0x02}, 0x2057F646u},
    {{0x5B,0x22,0x06,0xE5,0x16,0xCA,0xC4,0xC4,0x6F,0x1D,0xF5,0xF6,0xC7,0x86,0xA3,0x6D}, 0x11F8DE08u},
    {{0x5C,0x19,0x33,0x22,0x0C,0xDA,0xBF,0x4F,0x53,0xD9,0x83,0x03,0x81,0xB9,0xE6,0x13}, 0xC16BFFDAu},
    {{0x5C,0x51,0x17,0x43,0xF2,0x3F,0x7C,0xC2,0xAB,0xB5,0x79,0xF3,0xE2,0xF2,0x5D,0xB9}, 0xF30C80B3u},
    {{0x5C,0x80,0xBB,0x81,0x80,0x83,0xA8,0x20,0xB3,0xFB,0x51,0x34,0x8C,0x6F,0x30,0x1B}, 0x1B00C699u},
    {{0x5C,0x8E,0x6B,0xE9,0xDA,0xBB,0x2F,0xFB,0xCC,0xAB,0x49,0x35,0xCA,0xEA,0x20,0x2D}, 0x36E256C7u},
    {{0x5C,0xC0,0x38,0x52,0x31,0x00,0x7D,0xBB,0x97,0x2F,0x11,0xDB,0xDA,0xB7,0xC5,0x17}, 0x3A028713u},
    {{0x5C,0xED,0xFC,0xBC,0x24,0xA1,0xFE,0x98,0x25,0x1D,0x49,0xB8,0x04,0x06,0x3F,0x03}, 0x5A272539u},
    {{0x5D,0x39,0x5E,0x33,0x95,0xC0,0x7C,0xFF,0x02,0x48,0xB5,0x22,0x6D,0xC7,0x34,0xEC}, 0xBF0032DFu},
    {{0x5E,0x06,0xC5,0xD4,0x72,0x27,0x8E,0x34,0x63,0x60,0xFC,0xDD,0xCF,0x29,0xBA,0x9F}, 0x64745801u},
    {{0x5E,0x1B,0x76,0x62,0x9A,0x2C,0x38,0x7C,0x6B,0x99,0x90,0xD6,0x6D,0x9F,0x94,0xC7}, 0xAFF26E0Fu},
    {{0x5E,0x87,0x33,0x67,0x14,0x5F,0xF4,0x85,0xD7,0x01,0x94,0x5B,0x71,0x19,0xD8,0x2A}, 0x526EC708u},
    {{0x5E,0xB1,0x34,0xE1,0x29,0x94,0xFF,0x69,0x18,0x78,0x7E,0xAB,0x58,0xE6,0xE8,0x91}, 0x077887BCu},
    {{0x5E,0xB7,0xA3,0x67,0x31,0x85,0xA2,0x70,0x42,0x0C,0x22,0xF2,0x00,0x4B,0x37,0x7B}, 0x42FA5938u},
    {{0x5E,0xD9,0x98,0x3B,0x60,0xB6,0x99,0xB2,0xD0,0x28,0x36,0x3B,0x4D,0xA8,0x18,0xB0}, 0x94521B8Fu},
    {{0x5F,0x24,0xF8,0xC4,0x77,0x47,0x90,0x3A,0x98,0x9B,0xAD,0xD7,0x25,0x08,0x68,0xE0}, 0x37AF5114u},
    {{0x5F,0x73,0xB0,0xFD,0xB8,0x91,0x1A,0xB9,0xDC,0x60,0x3A,0xE9,0xD7,0x0B,0xA7,0x9D}, 0x95172201u},
    {{0x5F,0x87,0x80,0x73,0x72,0x9F,0x8B,0xA5,0x2B,0xCA,0x4A,0xE3,0x39,0x8B,0x88,0xE4}, 0x5A8EB9DEu},
    {{0x5F,0xA0,0xD2,0x0F,0xCC,0x69,0x80,0x24,0x72,0x07,0x3C,0x73,0x3B,0xC8,0xE4,0xF1}, 0xE435149Fu},
    {{0x5F,0xCF,0x04,0x49,0x7A,0xD8,0x22,0x86,0x42,0x46,0xBC,0x48,0x8E,0xED,0x6A,0x94}, 0x48C5F345u},
    {{0x5F,0xDE,0xDF,0x16,0xAF,0x56,0x7D,0x5E,0xAC,0x23,0x0A,0x22,0x63,0x30,0x8F,0xD0}, 0x80D3EE0Bu},
    {{0x5F,0xE8,0xE7,0xCA,0x6C,0xD3,0x26,0x46,0x8E,0xF0,0x8B,0x26,0x05,0x8A,0x01,0x37}, 0x6D203B52u},
    {{0x5F,0xF1,0x59,0xB8,0x03,0x56,0x72,0xD2,0xC7,0x17,0x4F,0x21,0x6A,0xC1,0xD2,0x4E}, 0xA5E07D03u},
    {{0x5F,0xFB,0x8C,0xDC,0x51,0x75,0x71,0x76,0xED,0xA6,0x11,0x3B,0xEF,0xE8,0xAF,0x70}, 0xCF9AE1E0u},
    {{0x60,0x5C,0xAC,0x61,0x02,0xCF,0x8B,0x5A,0x96,0xDC,0x4A,0xAC,0x31,0x95,0xC2,0x9D}, 0xD96823F3u},
    {{0x60,0xC2,0x8B,0xD8,0xA8,0x00,0xD2,0x3C,0x09,0x71,0xFD,0x7F,0x33,0x5C,0x48,0xBC}, 0x0F6A7EC5u},
    {{0x61,0x7F,0x68,0x12,0x51,0x91,0xC8,0x6E,0x0A,0x3F,0x76,0x7C,0xD5,0x3B,0xAC,0xA2}, 0x56C8DC18u},
    {{0x62,0x23,0xD5,0xD3,0xC9,0x84,0x32,0x7C,0xCF,0xAE,0x37,0x1C,0x1D,0x7D,0xE4,0x08}, 0xE2F61220u},
    {{0x62,0xA4,0x90,0xA5,0x07,0x6D,0x4D,0x6A,0x0A,0xB5,0xC0,0x6C,0x31,0xFB,0xFD,0xC1}, 0xE2570365u},
    {{0x63,0xFD,0x49,0x8B,0x07,0xBD,0x4B,0xFC,0x8A,0xED,0xCA,0x90,0xDB,0x16,0x3C,0xB5}, 0x2211C2E8u},
    {{0x64,0x0D,0xA2,0xA2,0x17,0x4E,0x15,0xE9,0xA4,0xC1,0xAE,0x87,0xD2,0x62,0x8A,0xF3}, 0x992A5E3Cu},
    {{0x64,0x23,0x52,0x36,0x25,0xB6,0x5B,0x12,0xE4,0xB9,0xCD,0x8A,0x54,0x28,0x84,0x9A}, 0x4483B556u},
    {{0x64,0x46,0x2F,0xB6,0x8B,0x3B,0x52,0x8A,0x9A,0xB3,0x40,0xFE,0xC5,0xDC,0x01,0x4A}, 0xEF76E003u},
    {{0x64,0x55,0x24,0x85,0xE4,0x72,0x38,0x4C,0xCD,0x42,0x6A,0x0A,0xD1,0xBB,0xAA,0x86}, 0x0D016DE8u},
    {{0x64,0x6A,0x89,0xC7,0xAB,0xDC,0xA2,0x75,0xFD,0x10,0xC3,0x14,0x53,0xAD,0x4B,0x9C}, 0xE4C4E8DDu},
    {{0x64,0x6F,0x03,0xDA,0x91,0xED,0xC2,0x34,0xFC,0x7B,0xEA,0x87,0xDF,0x7E,0x1B,0x86}, 0x91CE6CD6u},
    {{0x64,0xDB,0x50,0xD6,0x45,0xE9,0x59,0x5F,0xF8,0x1E,0x0C,0x96,0xA8,0x50,0xF2,0xAA}, 0x6D353096u},
    {{0x65,0x05,0x1E,0x13,0xE8,0xFF,0xE8,0xD1,0x9C,0x5B,0xAD,0x3B,0x73,0xD3,0x8D,0xFF}, 0x98FA0E84u},
    {{0x65,0x72,0x38,0x92,0x32,0x35,0xB4,0x0D,0x35,0x16,0x95,0x23,0x09,0x94,0x6B,0xF1}, 0xF3A3325Bu},
    {{0x65,0xAF,0x92,0x13,0xC8,0xF2,0xC6,0xC0,0x22,0x01,0x83,0x0B,0xF4,0xA7,0x77,0xBB}, 0x6CD9933Fu},
    {{0x65,0xC1,0x90,0x2A,0x38,0xAA,0xF5,0xDF,0xAA,0xE2,0xE3,0x91,0x66,0x76,0x07,0xC4}, 0x6CFC2E92u},
    {{0x65,0xE5,0x29,0x00,0xC7,0x01,0x51,0x54,0xA7,0x0C,0x73,0x6A,0x2F,0x56,0x2A,0xC4}, 0x220B6D1Eu},
    {{0x65,0xF6,0xF4,0x19,0xBE,0x42,0x51,0x7E,0x57,0x60,0x79,0xC2,0x9C,0xA1,0xC8,0xDC}, 0xC36A6F73u},
    {{0x66,0x2D,0x40,0x81,0x43,0x97,0x3D,0x17,0x18,0x99,0xFD,0xC9,0x6A,0xAE,0xDC,0x16}, 0x2404DC2Du},
    {{0x66,0x38,0x2F,0xFA,0xB9,0x88,0xA1,0xB7,0x85,0x57,0xDD,0x48,0x46,0x01,0x5F,0x88}, 0xF0AD4000u},
    {{0x66,0x47,0xEC,0xD1,0x90,0x39,0xFC,0x28,0x37,0x86,0x99,0x0F,0x8E,0x9D,0x3C,0xA6}, 0xBF149670u},
    {{0x66,0xC8,0x94,0x48,0x0F,0x85,0x73,0xA7,0x42,0x3E,0x94,0xA0,0x84,0x32,0xCB,0x08}, 0x24966207u},
    {{0x66,0xE6,0x91,0x41,0x8C,0x44,0x3E,0x1B,0x96,0x9E,0x0C,0x61,0xF7,0x28,0xAB,0x0F}, 0x42BAB971u},
    {{0x67,0x07,0x5F,0x5F,0x36,0x61,0x3E,0x3E,0x66,0xA3,0x3B,0x38,0xEA,0x0A,0x76,0x7B}, 0x536275C2u},
    {{0x67,0x0C,0xA2,0x7A,0x94,0x12,0x27,0x6C,0x84,0x34,0x29,0x71,0x93,0xF1,0x79,0x2A}, 0xBB92D3BBu},
    {{0x67,0x32,0xAE,0x0D,0x2C,0x10,0xCF,0xBF,0x1A,0x71,0x61,0x24,0xD7,0xBB,0x48,0x64}, 0x47144309u},
    {{0x67,0x37,0x51,0xD5,0x80,0xCD,0x2F,0x98,0x5B,0x0B,0x43,0x34,0x40,0x6D,0x27,0xA8}, 0x6884A188u},
    {{0x67,0x63,0x96,0xBC,0x7A,0x62,0x35,0x44,0xEE,0x20,0xEB,0x97,0xD9,0xEE,0x10,0xB9}, 0xF4CB1F48u},
    {{0x67,0xB0,0xF9,0x21,0x50,0xC4,0x95,0x0A,0x9F,0xF6,0xE2,0xB9,0x12,0x5C,0xAE,0x92}, 0xB6D0CBCEu},
    {{0x68,0x25,0x71,0x73,0x6F,0x61,0x04,0x22,0x66,0xB1,0xBB,0x50,0x26,0xD7,0x59,0x81}, 0x19CD55D8u},
    {{0x68,0x5D,0xD5,0x17,0x42,0x1D,0xE2,0x44,0xFB,0x72,0xAC,0xD0,0xD9,0x91,0x5E,0xCB}, 0x2623EF66u},
    {{0x69,0x49,0x35,0xB8,0x88,0x80,0x08,0x11,0x48,0x23,0xC1,0x4A,0xB2,0xDD,0xE6,0x20}, 0xFE11D4E0u},
    {{0x69,0xEF,0x18,0x1D,0x7D,0x45,0xA8,0xFA,0x83,0x9F,0x93,0x89,0x22,0x1C,0x50,0xF9}, 0x7BF9DD89u},
    {{0x6A,0x86,0xBC,0x6E,0x8B,0x0B,0xB6,0x21,0xCD,0x74,0x2A,0xF7,0xF1,0x52,0xF3,0xB1}, 0xB850B567u},
    {{0x6A,0xCA,0x06,0xAB,0x5D,0x58,0x60,0xCD,0xA8,0xA1,0x47,0x10,0x35,0x35,0x1D,0x20}, 0xD27825D9u},
    {{0x6A,0xD1,0x56,0x0F,0xBB,0x21,0xDC,0x54,0x9E,0x9C,0x3F,0xEF,0xC8,0x73,0xFE,0x2E}, 0x74D24D58u},
    {{0x6B,0xA8,0x22,0x11,0x5D,0xA0,0x17,0xE1,0x21,0xF9,0x5C,0x64,0xEA,0xEC,0xD8,0x30}, 0x2A72DC42u},
    {{0x6B,0xBA,0xC5,0x6F,0x00,0xD2,0x3B,0x10,0x57,0x60,0x1C,0x14,0x94,0x07,0x47,0x6D}, 0x5B3CF10Cu},
    {{0x6C,0x91,0xBB,0x21,0x2F,0x74,0xC7,0x16,0x42,0xA6,0x33,0x13,0xCE,0xB9,0x13,0x67}, 0xE6AB4638u},
    {{0x6C,0xBA,0xED,0xEC,0x5C,0x39,0xC9,0x8F,0x0B,0xA0,0x72,0x3F,0x40,0x70,0xF2,0x27}, 0xCAF47D70u},
    {{0x6C,0xD7,0xED,0xD7,0x07,0x59,0xAE,0xFE,0x90,0x08,0x09,0xF7,0xCB,0x23,0x91,0x13}, 0x930CC278u},
    {{0x6C,0xDC,0x8F,0xA0,0x61,0xF0,0xBD,0x19,0x30,0x1B,0xB6,0xFD,0x54,0x7B,0x73,0x73}, 0xDFB9F20Bu},
    {{0x6D,0xCB,0x05,0x4B,0xCE,0xB2,0x6D,0xF6,0x5B,0x9F,0x28,0x7C,0xE4,0xF2,0xA9,0xD1}, 0x918AC951u},
    {{0x6D,0xDF,0xD7,0xBA,0x9C,0x83,0x95,0xBF,0x12,0xD0,0xE3,0x77,0x42,0x7D,0x69,0x7D}, 0x57B93216u},
    {{0x6D,0xE9,0x6A,0x79,0x4B,0xCA,0x9A,0xAF,0x8D,0x8E,0xEE,0x16,0x75,0xC2,0xCE,0x40}, 0xE3FB79F4u},
    {{0x6E,0x17,0xF4,0xBF,0x64,0xD6,0x10,0xA1,0x60,0x3D,0x08,0x6F,0x16,0x00,0x52,0x17}, 0x22B7490Fu},
    {{0x6E,0xCC,0x81,0xA2,0x75,0x89,0x15,0xCE,0x7C,0x14,0xD4,0xAB,0xCF,0x98,0x12,0xD2}, 0x835B1D0Cu},
    {{0x6E,0xEA,0x0B,0x9E,0xF2,0xFB,0x45,0xE6,0x72,0xB2,0xB5,0x14,0xB0,0xDE,0xC3,0x7E}, 0xF8CB1EF8u},
    {{0x6E,0xF0,0xBC,0xD6,0xBD,0x56,0xCD,0x14,0xEB,0x50,0x90,0xF6,0x04,0x0B,0x8D,0xB2}, 0x7EC7525Cu},
    {{0x6F,0xE3,0x9D,0x1E,0xB9,0x03,0x89,0xBC,0x04,0xF5,0x71,0x02,0x71,0x2E,0x8B,0xA5}, 0x3CA1ABBCu},
    {{0x70,0x2D,0x37,0xC5,0xCA,0xA1,0x9E,0x90,0xAF,0x62,0x46,0x0E,0x0E,0xF7,0xB3,0x86}, 0x26F8A611u},
    {{0x70,0x32,0xA7,0x4A,0xCC,0xB7,0x93,0x56,0x79,0x7C,0x1F,0x60,0x96,0xB6,0x00,0x55}, 0x61EAA82Cu},
    {{0x70,0x37,0xED,0x59,0x5E,0xA4,0x43,0xC0,0x26,0x8F,0xF7,0x86,0x76,0x00,0xC4,0x05}, 0xF2DACC04u},
    {{0x70,0x5B,0xD8,0x54,0xF6,0xFD,0x91,0x8C,0x67,0x9E,0x18,0xFE,0x3D,0xDA,0x65,0x51}, 0xF45ECD18u},
    {{0x70,0x9A,0x4A,0xA4,0x8A,0x6A,0xC5,0xB0,0x28,0x85,0xD4,0xA3,0x31,0x07,0xB3,0x16}, 0x9ED28AABu},
    {{0x70,0xE6,0xE4,0x39,0x00,0x4A,0xBB,0xE4,0xA6,0x9E,0x34,0x67,0x9D,0x7D,0x85,0xE7}, 0x9D672A5Au},
    {{0x71,0x53,0x81,0x28,0x8B,0x8B,0x81,0x6D,0x32,0x7C,0x41,0xB7,0xF8,0x79,0x94,0x1A}, 0xA35BE437u},
    {{0x71,0x67,0xA7,0xB1,0xA2,0x4E,0xBD,0x4D,0x7A,0x08,0x0C,0x28,0xCA,0xAE,0x98,0x4B}, 0x7B3C2E83u},
    {{0x71,0x82,0xA4,0xE9,0x0C,0x00,0x7B,0xBB,0xD6,0x21,0xDE,0x7C,0x15,0x1E,0xF8,0x3C}, 0xB0C741B1u},
    {{0x71,0xB3,0xDE,0xB8,0x89,0xA6,0x92,0x38,0x73,0xEA,0x03,0x70,0x70,0x49,0x23,0x95}, 0x7DAA40A2u},
    {{0x71,0xB7,0x43,0xB6,0x8E,0x23,0xF8,0xE7,0x40,0x72,0x17,0xAA,0xD9,0x44,0x0C,0xC8}, 0xD177C8DEu},
    {{0x72,0x1C,0x2E,0xB3,0x26,0x38,0x73,0x5F,0xF2,0xA5,0xF8,0xAB,0xBC,0x82,0xF2,0x4C}, 0x37B8DFAAu},
    {{0x72,0x1D,0xC4,0x4B,0xEF,0x48,0xA0,0xDE,0x01,0xF2,0x3B,0x7D,0x13,0x32,0x65,0x8B}, 0xA096E1BEu},
    {{0x72,0xA1,0xB2,0x10,0xF2,0x4D,0x68,0x03,0x20,0xF1,0x34,0xBC,0xE0,0x30,0x38,0xA4}, 0x77EC9F31u},
    {{0x73,0x20,0x9E,0x44,0xE3,0x84,0x98,0x25,0x0F,0xCE,0x86,0x30,0xB0,0xEB,0x77,0xC7}, 0x57B12C3Fu},
    {{0x73,0x2C,0x53,0x9F,0x65,0x42,0x8C,0xBB,0xFA,0x0D,0xD3,0x34,0xE6,0x7C,0x24,0xA4}, 0xE2D661B5u},
    {{0x73,0xB9,0xB5,0x45,0x39,0xE0,0x15,0xEA,0x40,0x2E,0x44,0x50,0x6F,0xBB,0x8B,0xF1}, 0x8A567226u},
    {{0x73,0xBA,0x7E,0x1B,0x7A,0xE9,0x6D,0x1C,0x4C,0x30,0x9C,0xC2,0x01,0x5C,0x75,0x5D}, 0x126EE8A8u},
    {{0x73,0xBC,0x77,0x30,0x3D,0x9F,0x4A,0x85,0x13,0xDA,0x9D,0xBE,0x0D,0x3A,0xDB,0x2D}, 0xA4E1AF28u},
    {{0x74,0x17,0x97,0x4A,0x47,0xFD,0x05,0xDF,0x30,0x96,0x8B,0xA6,0x13,0x7C,0x62,0xBF}, 0x82207865u},
    {{0x74,0x61,0x90,0xD2,0x91,0xF3,0x5E,0x1D,0xCE,0x23,0x59,0xC8,0x3A,0xD1,0xB4,0xC6}, 0xEF98610Bu},
    {{0x75,0x81,0xC2,0x83,0xA4,0x45,0xC0,0xE7,0x9D,0x2A,0xE5,0x3B,0x99,0x90,0xE0,0x01}, 0x6B34EE30u},
    {{0x75,0x9D,0x7B,0x0F,0x3D,0xA4,0x90,0x93,0xA0,0xED,0xA0,0xE8,0x5B,0xD3,0xE8,0x5E}, 0xE9FD73D9u},
    {{0x76,0x05,0xC7,0x62,0x5E,0xB1,0xD6,0x3A,0x08,0x5C,0x1B,0xDB,0x10,0xC0,0xB5,0xFD}, 0xD618C543u},
    {{0x76,0x95,0xB4,0xCE,0x4A,0xEA,0x7E,0x55,0x48,0x7C,0x67,0x02,0x4F,0x7A,0x6F,0x20}, 0x5A227835u},
    {{0x77,0xBA,0x65,0x79,0xB1,0xA0,0x3E,0x99,0x94,0x6D,0xBA,0xB6,0xC7,0x76,0xEF,0x62}, 0x27FDD1CBu},
    {{0x77,0xC8,0x3C,0x98,0x8A,0x12,0x0E,0x52,0x0D,0xB9,0xCD,0x35,0x41,0xC5,0xF4,0x22}, 0xB1B7681Cu},
    {{0x78,0x18,0xD0,0xCE,0x8E,0x90,0x75,0xF5,0x1A,0x32,0x04,0x2F,0xF7,0x37,0x5D,0x2C}, 0xBD87E2F1u},
    {{0x78,0x3A,0x11,0xE9,0x3E,0xD4,0xBD,0xB4,0xA7,0x73,0x95,0x53,0x9B,0x70,0x5A,0x0F}, 0x8D365444u},
    {{0x78,0x5E,0x7A,0x6D,0xB0,0xC1,0x75,0x53,0xBD,0x9F,0x06,0x59,0xB9,0xBF,0xAB,0x9A}, 0xD8545B0Fu},
    {{0x78,0x9A,0x43,0x0E,0x87,0xFA,0xB9,0x24,0x1F,0xE8,0x0C,0x14,0xD5,0x75,0x98,0x18}, 0xDBDBCD7Cu},
    {{0x79,0x21,0xE6,0x0F,0x19,0x9F,0x93,0xD1,0xB4,0x67,0xA9,0x7E,0x20,0x0A,0x4A,0x41}, 0x27257F34u},
    {{0x79,0x30,0x16,0xB6,0x93,0xB3,0x5A,0xC1,0x2A,0xFF,0x82,0x68,0x14,0xE4,0x2A,0xA8}, 0x3C6E6F41u},
    {{0x79,0x41,0xFE,0xBE,0x08,0x39,0x6B,0xB2,0xB9,0xBC,0x59,0xBF,0x48,0x2C,0xF2,0x7B}, 0xEE2C6C45u},
    {{0x79,0xB2,0x45,0x44,0xCE,0x8D,0x66,0x0B,0x3F,0x26,0x1D,0xA8,0x65,0x00,0xEC,0x65}, 0x759D05FDu},
    {{0x79,0xED,0x3B,0x82,0x8D,0x78,0x82,0x33,0x1F,0x10,0x12,0xBA,0x2A,0x4F,0x70,0x93}, 0xC7FA625Cu},
    {{0x7A,0x62,0x92,0xF8,0xD5,0x42,0x5A,0xA7,0xF3,0xAA,0x24,0x84,0xE7,0x6B,0x4C,0x0F}, 0x42C5EAD8u},
    {{0x7A,0x9B,0xAB,0x11,0x55,0x96,0x58,0x6F,0x49,0xCE,0xB5,0x8E,0x87,0x80,0x96,0x42}, 0xEBAB70DDu},
    {{0x7A,0xF0,0x8F,0x1D,0xE0,0x41,0x4D,0x10,0xC6,0x98,0x78,0x42,0x53,0xC5,0xAA,0xB9}, 0x1C536971u},
    {{0x7A,0xF9,0xD7,0x9B,0xE8,0x23,0x43,0xE1,0xBB,0xFB,0xFC,0x26,0xD6,0x30,0x10,0x16}, 0x0958E0DAu},
    {{0x7B,0x64,0x6F,0xEF,0xB8,0xEF,0x49,0x2B,0xE3,0x18,0x0F,0x57,0x26,0x31,0x58,0xF9}, 0x1F263170u},
    {{0x7B,0x66,0x61,0x30,0xB3,0xC6,0x64,0xFA,0x18,0x8C,0x7C,0xB7,0x14,0x43,0x95,0xF2}, 0xCB868D25u},
    {{0x7B,0x96,0x0B,0x0E,0xD2,0x51,0xE1,0xB5,0x9F,0xE4,0x78,0x40,0x50,0x17,0x49,0xD2}, 0xA673A24Cu},
    {{0x7B,0xB6,0xF5,0x93,0x15,0x2E,0xFB,0x7A,0xBE,0x5D,0x2D,0xE6,0xAF,0x28,0x2B,0x0E}, 0xF84099CEu},
    {{0x7B,0xF3,0xD2,0x4A,0xD3,0xD6,0xA7,0x9C,0xB1,0x02,0x11,0xCD,0x0E,0x59,0x01,0x5D}, 0x1B4F0DB1u},
    {{0x7C,0x04,0x70,0xCD,0xC3,0xED,0xBE,0x10,0xBD,0xFA,0xE7,0xE3,0x97,0xB3,0x26,0x29}, 0x1F48B4CBu},
    {{0x7C,0x37,0x06,0x4B,0x53,0xE2,0xB1,0x7F,0x59,0x2E,0xF6,0x78,0x4E,0xE8,0x39,0xA0}, 0xCBAE50A9u},
    {{0x7C,0x50,0x7B,0x77,0xBA,0x3B,0x09,0x21,0xFE,0xE8,0xDE,0x50,0xAA,0x7A,0x9F,0xE4}, 0xE6827E3Eu},
    {{0x7C,0x82,0xAE,0x60,0xD5,0x44,0x3F,0x66,0xDC,0x25,0xF9,0x5F,0xB7,0x86,0x4A,0x56}, 0x07E84602u},
    {{0x7C,0x8C,0x85,0xD0,0x3B,0x41,0xCE,0xFA,0xE8,0xF9,0xA6,0xAE,0x58,0x47,0x28,0x2C}, 0x794C3843u},
    {{0x7C,0xA3,0x89,0x33,0xD4,0x09,0x50,0x3C,0xE3,0x9B,0x9C,0x8D,0x8E,0xF9,0xA4,0x53}, 0x96B808E6u},
    {{0x7C,0xF5,0xAF,0x42,0xB6,0x82,0x96,0x20,0xA1,0x70,0xFB,0xA1,0x4E,0x20,0x0E,0x47}, 0xC69D5383u},
    {{0x7D,0x61,0x29,0x68,0x16,0x3C,0xEC,0x67,0x84,0xF0,0x17,0x4C,0xDF,0x03,0xAB,0x6A}, 0x5C91B2FFu},
    {{0x7D,0xC4,0x2B,0xF3,0x94,0xF5,0x73,0xC6,0x5A,0x26,0x95,0x7F,0x0D,0xAE,0x5D,0x4C}, 0xBCE806E8u},
    {{0x7D,0xCE,0x7B,0x06,0x65,0x34,0x30,0x71,0xBE,0x9A,0xF3,0x8E,0x78,0x79,0x66,0x43}, 0xA21A39A3u},
    {{0x7D,0xE5,0x72,0xF3,0xA7,0xD5,0x9C,0xBE,0xA7,0xF2,0x2F,0x88,0xFF,0x06,0xD9,0x16}, 0x8C5CD641u},
    {{0x7D,0xE9,0x93,0x78,0x0B,0xBD,0xD8,0xA5,0xCF,0xCD,0xD1,0x7B,0x4B,0xA4,0xB1,0xF3}, 0x47D2AA79u},
    {{0x7E,0x30,0xD6,0x63,0x32,0x92,0x7E,0x43,0x4B,0x5E,0x10,0xE8,0x84,0x79,0xAF,0x80}, 0xFA06CEA0u},
    {{0x7E,0xBA,0x69,0xA4,0xCA,0xC2,0xCD,0x42,0xD3,0x44,0xB1,0x9C,0xFB,0x6C,0xA0,0xD8}, 0x7F878F05u},
    {{0x7E,0xCA,0xFD,0xCD,0x13,0x50,0xD7,0x39,0x1C,0x89,0x72,0xDA,0x2A,0xD0,0x8D,0xFF}, 0x2504BE02u},
    {{0x7E,0xE5,0x1E,0xDA,0x63,0xBE,0x35,0xE8,0x75,0x11,0xEA,0x06,0xAA,0x03,0x98,0xAD}, 0x20BBC8E4u},
    {{0x7F,0x4F,0xFD,0xC6,0x5F,0x6B,0xB0,0xD2,0x0A,0x3C,0x08,0xAC,0x14,0x93,0xDD,0xDD}, 0x876BA99Du},
    {{0x7F,0x92,0xF2,0xFB,0x8F,0x39,0xC0,0x8A,0x3F,0x56,0x20,0x80,0x54,0x6B,0x1E,0x0F}, 0x51ED17CFu},
    {{0x7F,0x93,0xD3,0x0D,0x1C,0xA8,0x0A,0x45,0x1E,0xE0,0xE4,0x6C,0xCB,0xBA,0xF9,0x8C}, 0x68DC2287u},
    {{0x7F,0xCB,0x70,0x90,0xF7,0xA4,0x65,0x78,0x2F,0x68,0x0F,0xD4,0x4C,0xBC,0x55,0x81}, 0x051B0995u},
    {{0x7F,0xD6,0xE2,0x78,0xB3,0x7A,0x6F,0xA5,0xEE,0xC4,0xDE,0xB0,0x0C,0xF1,0x0B,0x50}, 0x7891B22Bu},
    {{0x7F,0xF3,0x3D,0x1E,0x2D,0x1E,0x60,0x06,0xC5,0xA7,0x14,0x3E,0x5E,0x58,0xCA,0x08}, 0x9A21238Au},
    {{0x80,0x44,0x8B,0xB0,0x45,0xAC,0x76,0xC8,0xB1,0x87,0xBF,0x9A,0x70,0xEA,0xFA,0xFD}, 0x3B94509Du},
    {{0x80,0x51,0x96,0x0C,0x89,0x62,0x16,0xB2,0x69,0x94,0x51,0xCF,0xE6,0xDD,0x72,0xB3}, 0x0B9B3F2Bu},
    {{0x80,0x62,0x8B,0x96,0x10,0x44,0x6C,0x97,0x5C,0xAB,0x97,0x3F,0x35,0xF5,0x7C,0x86}, 0x4F8BC258u},
    {{0x80,0xCF,0xCE,0xBF,0x14,0xCB,0xF7,0x2F,0x43,0xFF,0x4F,0x86,0x5D,0x93,0x32,0x42}, 0x4859A537u},
    {{0x80,0xE9,0xCB,0x02,0x38,0xB2,0xE4,0x9D,0xF2,0x28,0xD6,0x0D,0x13,0xAD,0xCB,0xDF}, 0x250AE9F4u},
    {{0x81,0xE3,0x31,0x19,0x5B,0x55,0x1B,0xD9,0xD8,0xE1,0xA8,0xE2,0xF5,0x26,0x49,0xE7}, 0x4E709F45u},
    {{0x81,0xEB,0x4C,0x3A,0x6D,0x52,0xDA,0x8F,0xB7,0xD7,0x61,0xF7,0xC6,0x17,0x9A,0x9A}, 0xBE0D4E01u},
    {{0x82,0x08,0xF7,0x18,0x96,0x6A,0x35,0x6A,0xBC,0xE7,0x33,0x56,0x86,0x17,0x33,0xE6}, 0xBE15E800u},
    {{0x82,0x8F,0x9B,0x0C,0x67,0xFF,0x32,0xD6,0x9E,0xDC,0x50,0x98,0x46,0x5C,0xA9,0x46}, 0xE9CBEC48u},
    {{0x82,0xAD,0x75,0x30,0xF9,0x27,0xB0,0xC9,0x96,0x54,0x57,0x8B,0x65,0xE8,0xDC,0x75}, 0x651E49BBu},
    {{0x83,0x09,0x68,0xE8,0x3F,0xA8,0x4D,0x2A,0xE0,0xCA,0x1B,0x6E,0x52,0xFA,0x38,0x4B}, 0x6EBF3CC7u},
    {{0x83,0x6B,0xEC,0xEF,0xC4,0x56,0x59,0x57,0xBB,0x27,0x08,0x28,0xEE,0xD8,0x58,0x52}, 0xD5174E58u},
    {{0x83,0x9B,0x77,0xE5,0x4B,0xFE,0x62,0x2C,0x9C,0xD5,0xBD,0xBC,0x48,0xFD,0x02,0xF7}, 0x576CE0F6u},
    {{0x83,0xB6,0x1A,0x62,0xE1,0x50,0x67,0x68,0x46,0xF9,0x25,0x45,0xAC,0x12,0x40,0x02}, 0x53FACAA9u},
    {{0x83,0xC6,0x29,0x2C,0x8A,0x6C,0x44,0xF5,0x29,0xE9,0x02,0x58,0x67,0x33,0x54,0x13}, 0xAEBBCDF0u},
    {{0x83,0xF9,0x43,0xCF,0xA3,0xB4,0x05,0xF2,0x3F,0x09,0xC6,0xB0,0x42,0x8D,0xD9,0xE3}, 0x2E4CA587u},
    {{0x84,0x2B,0x70,0xE4,0xF0,0x05,0xCA,0x5D,0x2C,0x97,0x82,0x2D,0x12,0x25,0x59,0x62}, 0x424C31A6u},
    {{0x84,0x97,0xCB,0x55,0xF5,0x4D,0xC9,0x3C,0xDB,0x09,0x92,0x2D,0x6B,0x75,0x37,0xC0}, 0x95C2C546u},
    {{0x84,0xC0,0x88,0x69,0x0B,0x82,0x77,0x3A,0x03,0xA1,0x4A,0x72,0x85,0xDD,0x8E,0xFC}, 0x7A005718u},
    {{0x85,0x34,0x32,0x05,0x57,0x74,0x93,0xC4,0xBB,0xA6,0x22,0xE6,0x20,0x4D,0xE7,0xA9}, 0xCB61AC58u},
    {{0x85,0x5E,0xB3,0x08,0x39,0x87,0xAD,0xF7,0x12,0x48,0xC7,0xD9,0x20,0x44,0xA2,0x18}, 0x7A81DFA7u},
    {{0x85,0x8C,0xF5,0xF1,0x4A,0x86,0x6A,0xA8,0x22,0x45,0x9A,0x11,0x35,0x5E,0x93,0x96}, 0x7DB4F48Au},
    {{0x85,0xC0,0xA1,0x77,0xF5,0x25,0x8C,0xA5,0xDE,0x57,0x72,0xC1,0x65,0x71,0x50,0xE0}, 0x56DEC86Bu},
    {{0x86,0x0D,0xD3,0x5F,0x56,0x0C,0xC5,0xFA,0x6D,0x51,0x9A,0xD0,0x2E,0x82,0xF1,0x4F}, 0x4D76EBADu},
    {{0x86,0x10,0xB4,0x31,0xEC,0xD4,0xC1,0x39,0x87,0x2F,0x6E,0x3F,0x8E,0x0A,0x48,0xAA}, 0xC73CB72Du},
    {{0x86,0xC5,0xE5,0x5A,0x30,0x02,0xBA,0x74,0x51,0x8B,0x9B,0xA7,0x80,0xEE,0xE8,0x9B}, 0xA3B15BFDu},
    {{0x87,0x41,0xC4,0x57,0xB6,0x05,0xC8,0x9C,0x36,0xD8,0x8E,0xC8,0x77,0xFE,0x9D,0x54}, 0x828A9468u},
    {{0x87,0xA4,0x66,0x41,0xF9,0xE8,0x08,0x4E,0x3E,0x15,0xCD,0x58,0x51,0x89,0xAC,0x4D}, 0xFF93C1E2u},
    {{0x87,0xD5,0x79,0x55,0x1C,0xA7,0x95,0x8F,0x01,0x77,0xE2,0xAF,0xCA,0xDE,0xA7,0xB0}, 0x7B723486u},
    {{0x88,0x3A,0xC1,0x06,0x9C,0xDD,0x7F,0x16,0xCD,0x65,0xD8,0x7B,0x90,0x81,0x8D,0x80}, 0x23890068u},
    {{0x88,0x6C,0x82,0xED,0xD5,0x12,0x2C,0x5F,0x74,0x9D,0x9C,0x1E,0x46,0x34,0xEB,0x32}, 0xCEAE9511u},
    {{0x88,0xB5,0xD0,0x8D,0x57,0x6A,0x90,0xF0,0x85,0x18,0x1A,0xD8,0x83,0x40,0x7A,0x6C}, 0x43655CA4u},
    {{0x88,0xBC,0x69,0x77,0x40,0x7B,0xB4,0x36,0x5D,0x53,0xDE,0xED,0xE0,0x13,0x00,0x9A}, 0xBE4E8CF9u},
    {{0x88,0xC5,0x72,0x2A,0xF8,0x1E,0xB0,0xDD,0xE0,0xA6,0x94,0xFB,0x63,0xC8,0x6F,0xE6}, 0x37194AC2u},
    {{0x88,0xDF,0x92,0x43,0x02,0xC1,0x3D,0x8B,0x8C,0x3D,0xC1,0x5A,0x4E,0xA6,0xB3,0x40}, 0x2AADD5ADu},
    {{0x89,0x0E,0xC4,0x7E,0xAF,0x2F,0xE0,0xED,0x5C,0x7C,0x42,0x2E,0xA2,0xCA,0x39,0xE4}, 0x2DA7118Eu},
    {{0x89,0x2D,0xA6,0x3C,0xEB,0x3D,0x13,0x5A,0x9B,0x48,0xE3,0x60,0x6E,0x5F,0x2D,0x11}, 0x260D52DFu},
    {{0x89,0x88,0x2C,0x0B,0xFC,0xAC,0x83,0xF8,0x9D,0xD4,0x28,0xF0,0x3C,0xA1,0x09,0xBA}, 0xBE9CA225u},
    {{0x89,0x88,0xA5,0xB4,0x41,0x9C,0xF2,0x6E,0x6F,0x3E,0xCF,0xCF,0xAC,0xAC,0x51,0x24}, 0x0265EACAu},
    {{0x89,0x98,0xB6,0x66,0x69,0x98,0x14,0x7A,0xEC,0x1B,0xAB,0x90,0x52,0x2C,0xEE,0xA5}, 0x31772121u},
    {{0x8A,0x09,0x99,0x70,0x41,0xFB,0xBA,0x6C,0x78,0x1C,0x46,0x3A,0xF9,0x1D,0xFA,0x35}, 0xF0CEB187u},
    {{0x8A,0x22,0x6F,0x3D,0xE4,0x29,0x5A,0xBA,0xEC,0xCF,0x6C,0xB5,0xA9,0xD0,0x03,0x62}, 0xC0D00609u},
    {{0x8A,0x8C,0xA3,0x36,0x63,0xDD,0x5E,0x39,0x01,0x52,0x50,0xB4,0xDD,0x12,0x50,0x33}, 0x86DCDFC9u},
    {{0x8A,0xA5,0xBC,0xB5,0xC3,0x9B,0x36,0x6C,0x66,0x95,0xE3,0xD5,0x1B,0xE8,0xD3,0x90}, 0x8CB11DFEu},
    {{0x8A,0xE4,0xE6,0x9F,0x63,0xBE,0x67,0x2C,0xCC,0x91,0x03,0x5A,0x80,0xFC,0x6C,0x61}, 0x565CA83Cu},
    {{0x8A,0xF7,0x04,0x94,0xB1,0x24,0xDB,0x32,0xA7,0x0E,0xF4,0xA1,0x6A,0xD1,0xCC,0xF8}, 0xE4F8C60Bu},
    {{0x8B,0x4A,0xB9,0x55,0xF9,0x11,0x6D,0x5C,0xB6,0xA6,0x8D,0xA3,0x31,0x88,0x2A,0x43}, 0x5EA909D7u},
    {{0x8B,0x68,0x50,0xCD,0xA8,0x57,0xF5,0xC9,0x38,0x59,0x1C,0x10,0x69,0xF4,0xFF,0x8B}, 0x72F89749u},
    {{0x8B,0x79,0x7F,0x68,0x6D,0x11,0x39,0xFA,0xBB,0x5A,0x0B,0xBC,0x11,0xC9,0xA9,0x62}, 0x7003943Au},
    {{0x8B,0xB7,0x0A,0xFF,0x03,0x3F,0xE2,0x66,0x43,0x5F,0x1E,0x18,0x36,0xA8,0x1E,0xC8}, 0xA365AA2Du},
    {{0x8C,0x84,0xF4,0x0A,0x47,0x03,0xAC,0x88,0x1D,0xD0,0x94,0x1C,0xB7,0x43,0xB9,0x75}, 0x8FD5F732u},
    {{0x8C,0x93,0x27,0xA4,0xEF,0x78,0x8C,0x74,0xC3,0x70,0x8D,0xFE,0xC3,0xD9,0x59,0xC2}, 0x3D5AA055u},
    {{0x8C,0x9C,0x55,0x1A,0xEC,0x3F,0x5B,0x7A,0xB7,0x63,0xA9,0xA7,0x2A,0x58,0x1B,0x9F}, 0x80F77728u},
    {{0x8C,0xAD,0xDF,0x76,0x60,0x06,0x99,0x3D,0x65,0x24,0xF7,0x3D,0x5F,0x8A,0x02,0xA5}, 0x019A9794u},
    {{0x8C,0xC6,0xE7,0x8C,0x34,0x62,0x94,0x3F,0x29,0x9B,0xE7,0x8C,0xB7,0xD8,0xBB,0xAC}, 0xF7E78D94u},
    {{0x8C,0xF9,0x36,0x65,0xD3,0x8C,0x88,0x8C,0x45,0xBC,0x9F,0x8F,0xAA,0x88,0x93,0xF2}, 0xB1FA4A72u},
    {{0x8D,0x09,0x2D,0xE8,0x73,0x0C,0x42,0x90,0x00,0x15,0x59,0xF5,0x14,0x51,0x7D,0x46}, 0x6C58D75Fu},
    {{0x8D,0x61,0x0C,0xC9,0xC5,0xEB,0x19,0xDC,0x1F,0x62,0x64,0x33,0xB6,0x08,0x70,0x51}, 0x28E14670u},
    {{0x8D,0x74,0xEB,0xF2,0xC3,0x12,0x92,0xB7,0x87,0xCD,0x87,0xA4,0x9F,0x26,0xDA,0xD6}, 0x7C2D2A08u},
    {{0x8D,0x91,0xC6,0x15,0x4F,0x60,0x62,0x68,0x20,0xCB,0xC3,0xA2,0x9F,0x0C,0x0C,0xEA}, 0xE0EE9447u},
    {{0x8D,0x9D,0xF6,0x40,0x8E,0x96,0x58,0x70,0x3D,0x0D,0xA5,0xB0,0x46,0xCD,0x0D,0xC2}, 0x1A36B7D2u},
    {{0x8D,0xDE,0xCE,0xC0,0x58,0x3D,0xB6,0x3D,0x7F,0x26,0x1B,0xEF,0x0F,0xC6,0x8A,0xF7}, 0x33166AE1u},
    {{0x8E,0x3C,0xA2,0x50,0x14,0x0E,0x3F,0x7E,0xBC,0xBF,0x72,0x55,0x23,0x09,0x5A,0x8D}, 0xFA617CB0u},
    {{0x8E,0x79,0xA1,0xDD,0xBF,0x4D,0x38,0x23,0x0B,0x4D,0xC7,0x0B,0xD6,0xA4,0xDE,0xB4}, 0xE0EB5BD5u},
    {{0x8E,0xA0,0x19,0x8B,0xCF,0xA9,0xDA,0xF9,0xBA,0x8C,0x82,0x51,0x03,0x00,0x7A,0xAA}, 0x82702969u},
    {{0x8E,0xA6,0x0A,0x87,0x04,0xE1,0xC0,0x6F,0x6E,0x7C,0xA0,0xFE,0x73,0x96,0x1B,0x70}, 0x61C37E21u},
    {{0x8F,0x43,0x90,0x1A,0x1D,0x64,0x0F,0x3B,0x1B,0x7F,0xB7,0x99,0x46,0x75,0xB7,0x31}, 0xFB9A5265u},
    {{0x8F,0x98,0xA0,0x96,0x38,0xB0,0x5A,0x98,0xDC,0x0B,0xBA,0x64,0xF4,0x87,0x37,0x62}, 0x6EAFD8FCu},
    {{0x90,0xA4,0xDD,0x02,0x92,0x9B,0x48,0x17,0x97,0xFA,0x1B,0x0E,0xA1,0x51,0xF6,0x19}, 0xC0CDA523u},
    {{0x90,0xE1,0xF2,0xE3,0x10,0x3A,0x9C,0x08,0x7E,0x9D,0xA7,0x84,0x6E,0xE1,0xE3,0xFC}, 0x8B689763u},
    {{0x91,0x0B,0xC2,0x1A,0xC8,0x13,0xE1,0x56,0x8A,0xA2,0xF3,0x2A,0x35,0x6F,0x5C,0xB6}, 0x50B3EECEu},
    {{0x91,0x19,0x6E,0x96,0xD9,0x4D,0xEA,0x17,0xAD,0x08,0x56,0x3D,0x41,0x7B,0xAD,0x62}, 0x0774AEB9u},
    {{0x91,0x60,0x9E,0x53,0x97,0x94,0x6E,0xE1,0x33,0x29,0xB7,0x2B,0x22,0x34,0x4C,0x8E}, 0x825FD9C3u},
    {{0x91,0x77,0x11,0xD0,0x9D,0x06,0x8E,0x23,0x88,0xD8,0x99,0xB3,0x03,0x2C,0x90,0x3A}, 0x581E4409u},
    {{0x91,0x9F,0x73,0x30,0xBA,0x8A,0xC3,0x4E,0x79,0x47,0xDC,0x4D,0xDC,0x3C,0xE0,0xD9}, 0xCC269153u},
    {{0x91,0xA3,0xC1,0x19,0xE8,0x28,0xCA,0x6F,0xD3,0xE1,0x73,0x39,0x61,0xAF,0xE6,0x8D}, 0xCA4082D9u},
    {{0x91,0xD3,0x83,0x3F,0x14,0x2A,0x18,0xF3,0xE1,0x4C,0x5D,0x64,0x0D,0x82,0xC6,0x45}, 0x36A2B2E3u},
    {{0x91,0xF7,0xDB,0x5C,0x00,0x8F,0xA0,0xA0,0xB5,0x26,0xF5,0x8E,0x64,0xF1,0x4F,0x97}, 0xE03761DAu},
    {{0x92,0x08,0x64,0x84,0x3B,0xBE,0x6D,0x28,0x50,0xC4,0xD3,0xCF,0x0E,0xAD,0xEE,0x43}, 0x2029095Fu},
    {{0x92,0x3D,0x73,0x60,0x5E,0xC7,0x51,0x91,0xA4,0xA5,0xE4,0x92,0xB4,0x7D,0x8B,0x56}, 0x6F1475D4u},
    {{0x92,0x69,0xE3,0xEA,0x25,0x6F,0xCC,0x75,0xED,0x1A,0x06,0x56,0xDA,0xE6,0x2A,0x96}, 0x292F25E0u},
    {{0x92,0x7D,0x84,0x09,0xDC,0xB0,0xFD,0xAA,0x1C,0xC8,0x6D,0x74,0xAC,0x88,0x1A,0xE9}, 0x85153F4Fu},
    {{0x92,0xB1,0xC1,0x75,0x20,0x80,0x2E,0xE8,0xDC,0x47,0x22,0x71,0x51,0xFA,0x10,0xC9}, 0x7EF058E7u},
    {{0x93,0x4B,0xC8,0xD5,0xD2,0x5B,0x6E,0x9F,0x80,0x72,0x0D,0x56,0xD9,0x25,0xF4,0xDF}, 0xEE197F8Bu},
    {{0x93,0x91,0xF2,0xF1,0x01,0x5B,0x9F,0x0C,0x87,0x80,0x4A,0xFC,0x29,0x87,0xB2,0x8E}, 0x99FAB8C5u},
    {{0x93,0xC8,0x3F,0x86,0xDE,0xBF,0x0D,0x41,0x81,0x98,0x7D,0x43,0xBD,0x60,0xF1,0xBD}, 0xC3503C1Eu},
    {{0x93,0xCE,0x5D,0xDF,0xFC,0x27,0xCF,0x50,0x8E,0x02,0xD1,0xD6,0xA0,0x23,0xA4,0xF7}, 0x1741A49Fu},
    {{0x94,0x35,0x33,0x43,0xE9,0xAC,0xB2,0x5F,0x09,0x2D,0xCB,0x84,0x8E,0xFD,0x7F,0x39}, 0x71AD9FF8u},
    {{0x94,0x53,0xAF,0xC4,0x34,0x4A,0x8D,0x23,0x74,0xB7,0xFD,0xE9,0x19,0x1C,0x0B,0x48}, 0x5CEA965Fu},
    {{0x94,0x8C,0x8C,0x00,0xBD,0xED,0x16,0x9E,0x6C,0x82,0xB5,0xEA,0x4A,0xDC,0x05,0x23}, 0x93FAE391u},
    {{0x94,0xF8,0xD8,0x02,0x51,0x71,0x9C,0x6A,0x41,0x69,0x96,0x0E,0xD8,0x56,0xF9,0xAB}, 0x1090CDAAu},
    {{0x94,0xFC,0x8A,0x3F,0xF7,0x79,0x65,0xF7,0x34,0xD2,0x67,0x0F,0xD2,0x86,0xDF,0x28}, 0x619D1A0Du},
    {{0x95,0x48,0x0C,0x98,0x1F,0xF4,0x69,0xA2,0xDE,0x62,0x5A,0x59,0x59,0x4E,0xC0,0xE8}, 0x0731013Bu},
    {{0x95,0xAE,0x89,0x74,0x6A,0xD6,0x56,0x79,0x5C,0x42,0x8E,0x9D,0xCC,0x9D,0xC0,0x83}, 0x53B0E645u},
    {{0x95,0xBF,0xE7,0x6C,0x13,0xE5,0xC9,0x02,0xD8,0x44,0xE7,0x39,0xC8,0xF9,0x79,0xB1}, 0x3CAA8819u},
    {{0x95,0xC4,0x9F,0x4A,0x43,0x5B,0x37,0xAB,0xEB,0x46,0x11,0x8C,0x35,0xDA,0x3D,0x90}, 0x99D6259Fu},
    {{0x96,0x16,0x60,0xD2,0x7C,0xAE,0xF8,0x28,0x5D,0xA3,0x93,0x2C,0x13,0x74,0x80,0x7D}, 0xFC662D03u},
    {{0x96,0x32,0x55,0x36,0x2A,0x35,0x4E,0x80,0xE4,0x79,0x66,0xCE,0x7F,0x64,0xBC,0xCE}, 0x22F677C6u},
    {{0x96,0x6E,0x00,0xEE,0x64,0xB1,0x70,0x2B,0x41,0x9E,0x5A,0x9E,0x99,0xC4,0x9D,0xF6}, 0x697B24EFu},
    {{0x96,0x6F,0xB5,0x5D,0x2A,0xE7,0xF4,0xEF,0xCA,0x42,0x6F,0x1E,0xA2,0xD0,0xC4,0x5F}, 0x03DCF471u},
    {{0x96,0x73,0x4C,0xA4,0x60,0x93,0xB4,0x51,0xE8,0x8E,0x4D,0x2B,0xB2,0x67,0x5C,0x6C}, 0xC8D54227u},
    {{0x96,0x89,0x5C,0xCD,0xEF,0x9B,0x13,0x27,0xA4,0x6F,0xF5,0x9F,0x1D,0xA3,0xC0,0x50}, 0x8FE1CC32u},
    {{0x96,0xD5,0xDF,0x20,0x31,0xB3,0x7B,0xF0,0x16,0x41,0x5D,0xE0,0xC0,0x1C,0x82,0x90}, 0x6A17E38Du},
    {{0x96,0xEC,0x89,0xC8,0xFD,0xF6,0xF0,0x41,0xBF,0x68,0xB3,0xEA,0x2E,0x1A,0xDE,0xEC}, 0x8ED94B2Bu},
    {{0x97,0xEB,0x05,0x69,0x51,0xCF,0x68,0x54,0x99,0x20,0x39,0xD4,0x7B,0x8A,0x02,0x9F}, 0xD796BF0Cu},
    {{0x98,0x84,0x38,0x60,0x0B,0xD3,0x92,0xC1,0xE1,0xA8,0x54,0xFD,0xE7,0xA7,0x5F,0x02}, 0x8D4874D2u},
    {{0x98,0xAA,0x52,0x73,0xB5,0x2D,0x7F,0x09,0xDB,0x3E,0xFA,0xC9,0x47,0x3F,0x71,0x3D}, 0xA8A34D27u},
    {{0x98,0xCF,0x75,0x53,0x34,0x4F,0x37,0x86,0x71,0x59,0x14,0x3D,0xA1,0x09,0x87,0x98}, 0xF753FD70u},
    {{0x98,0xDE,0x7A,0x8A,0x1F,0xC2,0xA8,0xBA,0xA5,0x2E,0xAD,0x10,0xB2,0x16,0xFC,0x45}, 0x00A76DC3u},
    {{0x99,0x23,0x03,0x59,0x23,0x54,0x3F,0x74,0xA7,0x8A,0x9D,0xA2,0x87,0xEB,0xB4,0xED}, 0x3B590DF9u},
    {{0x99,0x4D,0x7E,0xB0,0xBB,0xEA,0xD8,0x4B,0x2C,0x09,0x68,0x19,0x89,0xE0,0x56,0x32}, 0x8DDF5C69u},
    {{0x99,0x65,0x78,0x4B,0x5E,0x72,0x7C,0xF9,0x64,0x6C,0xAA,0x64,0x8A,0x08,0xEB,0x9D}, 0xC367168Fu},
    {{0x99,0x76,0x15,0x08,0x71,0x5E,0x4D,0xCB,0x1B,0xC0,0x45,0xCC,0xA2,0xCC,0x7A,0x5D}, 0x6C736FEBu},
    {{0x99,0x7C,0xB9,0x85,0x0C,0x63,0x83,0xE7,0xE4,0x22,0xB7,0x37,0x6B,0x67,0x9B,0xB8}, 0x9660AE87u},
    {{0x9A,0x1D,0x42,0xB9,0xCC,0x97,0xDB,0x14,0x8D,0x20,0x1E,0xEF,0x4D,0x36,0x1F,0x63}, 0x8C68A8E3u},
    {{0x9A,0x70,0x08,0xE3,0x9B,0x0C,0x9C,0x2F,0xDE,0x0A,0x90,0xCD,0xDC,0xCF,0x45,0xE8}, 0x38AC3740u},
    {{0x9A,0x8A,0xB0,0x52,0x5A,0xE5,0x0E,0x26,0x58,0xBD,0x4C,0x58,0x38,0xFA,0x3F,0xBE}, 0x57927AC5u},
    {{0x9A,0x8E,0x17,0x3D,0xB8,0xF1,0xFA,0xB3,0x3B,0xFD,0x56,0x61,0x32,0x57,0xCD,0xAA}, 0xDF357B9Bu},
    {{0x9A,0xB7,0x08,0x89,0x59,0xE2,0x88,0x41,0xC8,0x11,0xCC,0x47,0x83,0xBB,0x7A,0x79}, 0xBA9B54D4u},
    {{0x9A,0xC1,0x55,0xAE,0xD0,0x93,0xBF,0x0F,0x16,0xCD,0x35,0x87,0x5D,0x25,0xDD,0xB7}, 0xBC15D3EEu},
    {{0x9B,0xA6,0x1A,0x73,0xFF,0x84,0xA7,0x9A,0x5B,0x3A,0x66,0xF5,0xC2,0xE1,0x21,0xF7}, 0xDF88BAD3u},
    {{0x9C,0x72,0xDD,0x07,0xBB,0xB4,0x76,0x5C,0x9B,0xBC,0xB1,0xF8,0x1D,0x6F,0x2A,0x17}, 0x1CE621EFu},
    {{0x9D,0x52,0xC9,0x11,0xDD,0x81,0xAB,0x59,0x79,0x8D,0x26,0x51,0x9D,0x45,0xD8,0xEA}, 0xAE95A58Bu},
    {{0x9D,0xA9,0x0E,0x6D,0x17,0x78,0x29,0xCB,0x33,0xC8,0x8E,0xD9,0x95,0x38,0xB8,0x34}, 0xB316FD4Cu},
    {{0x9D,0xE8,0x84,0xA9,0xF9,0xBD,0x89,0x4A,0x4A,0x73,0xAA,0x61,0xDC,0x79,0xA7,0x7B}, 0xC064A8B6u},
    {{0x9E,0xA5,0x1C,0x44,0x91,0x0B,0x6F,0xFA,0xA4,0x74,0x8B,0xE0,0x7F,0x7B,0xED,0x94}, 0xCC570DE0u},
    {{0x9F,0x6F,0xA5,0x06,0x06,0x0B,0x9E,0xED,0x1A,0xB8,0x1D,0x24,0x98,0x11,0xDA,0xD1}, 0xC5420C82u},
    {{0xA0,0x16,0xA2,0x62,0x6A,0x2D,0x46,0x01,0x2B,0x51,0xE2,0x56,0xF2,0xE9,0x92,0x1A}, 0x2F30430Du},
    {{0xA0,0xEC,0xA3,0xDB,0x8F,0x0E,0xB0,0x9B,0xD8,0xD6,0xAD,0xE9,0x61,0x24,0x45,0xD0}, 0xE43D44CAu},
    {{0xA1,0x1E,0x7A,0xDD,0x7F,0xA9,0xAB,0x12,0xCC,0x40,0xAF,0xEE,0xC0,0x08,0xA4,0x66}, 0x21CAC342u},
    {{0xA1,0x87,0xA7,0x3C,0x4D,0x9E,0x4B,0xD4,0x3A,0xF5,0x2E,0xB9,0x28,0x9B,0x2E,0x1E}, 0xC6E6972Fu},
    {{0xA1,0x8A,0x37,0xE8,0xDA,0x65,0x56,0xBB,0x11,0xED,0x72,0x87,0x8A,0x2A,0x06,0x2D}, 0x0A9EEC39u},
    {{0xA1,0xFB,0x03,0xD8,0x01,0x3B,0x5B,0xC0,0xB0,0x34,0x9A,0xC4,0xA6,0x90,0x13,0xF5}, 0xF459DADFu},
    {{0xA2,0x1C,0x0B,0xDA,0x8C,0x45,0x19,0x52,0x76,0xCC,0xF7,0xA2,0x0C,0xBD,0x50,0x55}, 0x17029789u},
    {{0xA2,0x20,0x62,0x5C,0x5F,0xEF,0x29,0xAD,0xB8,0x40,0x5D,0xD8,0x1F,0x92,0x14,0xEB}, 0xB6554BD1u},
    {{0xA2,0x34,0x3A,0xA6,0xDB,0x01,0xAF,0xF0,0x3A,0x66,0x37,0x79,0x7F,0x39,0x1D,0xEE}, 0xE2A8AF67u},
    {{0xA2,0x59,0x9C,0x4B,0xCA,0xDA,0x74,0xF7,0x6B,0x4C,0x5F,0xB0,0x14,0x11,0x0C,0xF6}, 0x6F7C7C4Au},
    {{0xA2,0x6D,0xF8,0x04,0x87,0xF6,0xF4,0x86,0xDF,0x95,0x5D,0xB9,0x39,0xF3,0x45,0x3A}, 0x0D108EE0u},
    {{0xA2,0x9F,0xAA,0x71,0x94,0x31,0xF8,0xBC,0x5A,0x32,0x3E,0x4D,0xB7,0x26,0x81,0x6B}, 0x8DFDE515u},
    {{0xA3,0x78,0x01,0x79,0x47,0xF2,0xA1,0xB0,0x9D,0x3B,0x24,0x4A,0xA5,0xE1,0x31,0x64}, 0x19E739BBu},
    {{0xA3,0xD4,0x9A,0x6A,0xFF,0xDF,0x56,0xE0,0xE2,0xAD,0xC8,0x2F,0x40,0xEF,0x32,0xA7}, 0xFDBBD156u},
    {{0xA3,0xF8,0xFC,0x15,0xCF,0x3F,0x09,0x87,0xEB,0xD9,0xB0,0x7A,0x9A,0x70,0x3E,0x13}, 0xAF00E748u},
    {{0xA4,0x83,0x70,0x3B,0x98,0xF5,0x74,0x65,0xBA,0xF1,0x9A,0xE5,0xA3,0x3E,0xDE,0xD8}, 0xCFF39C5Au},
    {{0xA4,0xD0,0x13,0x64,0xD2,0x59,0x84,0x32,0x46,0x9F,0x09,0xDE,0xD8,0x6E,0x51,0x27}, 0xA3A88267u},
    {{0xA5,0x36,0x99,0xDB,0xC7,0x21,0x27,0x84,0x0A,0xD3,0xD7,0x60,0xF8,0xC5,0x11,0xC0}, 0xEC99589Du},
    {{0xA5,0x9C,0x72,0x71,0xDF,0x88,0x20,0x4C,0xDA,0x2E,0xAB,0x79,0x32,0xC8,0x31,0x25}, 0x4FAB1024u},
    {{0xA6,0x67,0x99,0x93,0x2A,0x42,0x10,0x56,0x9E,0xE6,0x5E,0xF9,0x54,0x30,0x81,0xCC}, 0x15ACF5B4u},
    {{0xA7,0x03,0xB5,0xFC,0xFF,0xA1,0x2D,0xDD,0xC1,0x6B,0xDC,0xEE,0x74,0xE0,0x12,0xD1}, 0x36C7A37Du},
    {{0xA7,0x10,0x37,0x0E,0x55,0x0C,0x74,0x01,0xBB,0x5F,0x2A,0x14,0x24,0x7B,0x10,0xEF}, 0xA9A569F5u},
    {{0xA7,0x1F,0x01,0x6D,0x24,0x7B,0xB2,0x48,0x0A,0xA5,0xDF,0xFE,0x6C,0x35,0x50,0x8D}, 0x89A24747u},
    {{0xA7,0x56,0x14,0xEA,0xE2,0x81,0x43,0x90,0x9C,0x8D,0xAA,0xF4,0xE2,0xA9,0xD1,0x54}, 0xEF44333Fu},
    {{0xA7,0x9C,0x1F,0x23,0x59,0x25,0xEE,0xB9,0xD6,0x35,0x60,0xB9,0x14,0x03,0xA3,0x2C}, 0x70DE7078u},
    {{0xA7,0xB1,0x55,0x15,0x01,0x24,0xB4,0x0C,0x1F,0x07,0x99,0xF1,0xEB,0x65,0x72,0xCD}, 0x90DA3530u},
    {{0xA7,0xF3,0x75,0xF4,0xD9,0xB3,0x79,0x5C,0x83,0x4C,0x20,0x46,0x5F,0x27,0x85,0x77}, 0xAA8D9564u},
    {{0xA8,0x0F,0x94,0xC8,0x17,0xDC,0x25,0x6F,0x4E,0xE6,0x34,0xFF,0xAD,0xE3,0x2C,0x83}, 0xA5414FC8u},
    {{0xA8,0x4A,0xD4,0x57,0x17,0xE9,0x70,0x57,0xDF,0x7F,0x25,0x14,0x54,0x60,0x06,0x26}, 0x2C6B488Eu},
    {{0xA8,0x98,0x3A,0x70,0x2A,0xDF,0x49,0xDD,0x59,0x2A,0x17,0xA5,0xAD,0x6B,0xE1,0xDF}, 0x426D384Fu},
    {{0xA9,0x6D,0x6D,0x39,0x61,0x76,0xFB,0xCB,0x30,0xB8,0x6B,0x20,0x88,0xEA,0x62,0xD3}, 0x3E86FCE7u},
    {{0xA9,0x89,0x5D,0xB6,0xA1,0xAD,0x15,0x68,0x3A,0x10,0x9F,0xF2,0x67,0x6D,0x1A,0x06}, 0x1373B0C4u},
    {{0xA9,0xBD,0x65,0xF1,0x33,0x6E,0xA6,0x75,0x0F,0xDE,0x8B,0x6D,0x7A,0xE6,0xD6,0x9C}, 0x1EE86050u},
    {{0xA9,0xDC,0x2C,0xB3,0x2B,0x4C,0x3E,0x9A,0x5E,0x3C,0x0F,0x82,0xD5,0x86,0x64,0x2C}, 0xD50E3C4Fu},
    {{0xAA,0x01,0xA8,0x60,0x24,0x3F,0x2A,0x6B,0x90,0x93,0x9E,0xF3,0x86,0x4A,0xF7,0xB4}, 0xEFAB20DBu},
    {{0xAA,0x7C,0x00,0x3A,0x2D,0xA2,0xC5,0x86,0xB9,0xE9,0x72,0x3D,0x98,0x82,0x3E,0x4C}, 0x9EDAEC1Fu},
    {{0xAA,0x81,0x0B,0x6B,0xC3,0x04,0x53,0x63,0xA9,0x28,0xA7,0x65,0xE9,0xD1,0xAF,0x89}, 0xD04AFC08u},
    {{0xAA,0x97,0x20,0x46,0x7D,0x10,0x22,0x35,0x11,0x70,0xEA,0x69,0x18,0xB6,0x49,0xFA}, 0x0AE37C5Eu},
    {{0xAA,0xBA,0xAB,0xA7,0xBA,0x1C,0x16,0xF6,0x5C,0xCA,0x8C,0x52,0x50,0x18,0x65,0xC1}, 0x6420274Cu},
    {{0xAB,0x03,0xF3,0x6D,0x8E,0x32,0x1B,0x0D,0xA3,0x50,0xEB,0x65,0x8C,0x09,0xAC,0xA5}, 0xEB117E0Eu},
    {{0xAB,0x18,0x87,0x0B,0x38,0xF2,0xB4,0x8E,0xCC,0x1F,0xAD,0x5F,0x62,0x82,0x5C,0x12}, 0x38687AFCu},
    {{0xAB,0x9F,0x3A,0x7A,0x35,0x80,0x5A,0x0D,0xDB,0xAE,0xAE,0xB0,0x59,0x46,0xF5,0xF4}, 0xC39DEEC0u},
    {{0xAB,0xEA,0x7A,0x4E,0xF8,0x79,0xA9,0x6F,0xCE,0x8E,0xE4,0x95,0x18,0xB9,0x87,0x7A}, 0x6EA9B3A4u},
    {{0xAC,0x12,0x3D,0x15,0x32,0xDA,0x1A,0x28,0x43,0x14,0x6B,0x75,0xD6,0x25,0x12,0x29}, 0xA1139B2Cu},
    {{0xAC,0x6B,0xC8,0xD1,0x86,0x6C,0x5A,0x9E,0xDC,0x6F,0x7A,0xFE,0xB7,0x2F,0x8B,0x1E}, 0x3ECA189Fu},
    {{0xAC,0x94,0x03,0x6F,0x74,0x36,0x71,0x6E,0xD9,0x26,0x83,0xD1,0x28,0x0D,0x92,0x99}, 0x293B99C7u},
    {{0xAC,0xBA,0x61,0x27,0x0F,0x5B,0x5D,0xD8,0x53,0xCF,0x80,0x2F,0x4C,0x2B,0xDE,0x04}, 0x0FFD2717u},
    {{0xAC,0xF3,0xEB,0x49,0x50,0x0C,0xD2,0x3C,0xBA,0x3E,0x28,0xB9,0x09,0x41,0x93,0x5A}, 0x1BEF4ED6u},
    {{0xAD,0x0F,0xF6,0xCE,0x8E,0xA8,0xB7,0x22,0x08,0x13,0x2E,0xDC,0xC4,0x63,0xEB,0xD7}, 0xF40B51E8u},
    {{0xAD,0x5B,0x81,0xEE,0xB8,0x17,0xF3,0xE4,0x33,0xD6,0x6A,0xA5,0xBF,0x02,0xB8,0x8A}, 0xA7381DF1u},
    {{0xAD,0xF3,0xDD,0xA1,0xC0,0x4F,0x4C,0x0B,0x95,0xD1,0xFF,0x80,0xCE,0xA7,0x42,0xAC}, 0xD685A0CBu},
    {{0xAE,0x0F,0xDA,0xA5,0xF3,0x69,0x9A,0x3E,0xDE,0xC7,0x62,0x7F,0x8D,0xA1,0x59,0x44}, 0xECB19FFBu},
    {{0xAE,0xA3,0x89,0xF5,0x09,0xB3,0x36,0x94,0x77,0xC9,0x11,0xF5,0xC3,0xD9,0x47,0x5B}, 0xF9383CB8u},
    {{0xAE,0xAF,0xDF,0xA9,0x6A,0x3A,0x46,0x9C,0x5A,0x4F,0x94,0x4C,0xC0,0xFB,0x31,0xCF}, 0xFF8577F6u},
    {{0xAE,0xE1,0x7D,0xBB,0xBD,0xB2,0x53,0xA4,0x04,0x18,0xB2,0x16,0x41,0xEA,0xE4,0xC5}, 0xF6A5E619u},
    {{0xAE,0xE1,0xE5,0x30,0xBA,0x8C,0xB1,0xA7,0x07,0xCE,0xBA,0x62,0x94,0x31,0xAE,0x69}, 0xD71B2DCFu},
    {{0xAF,0x28,0x71,0xAD,0x26,0xE0,0x2E,0x03,0xB8,0xAE,0x7A,0x39,0x03,0x46,0x8A,0xC4}, 0x24EA1FA2u},
    {{0xAF,0x3C,0x07,0x44,0xDF,0x88,0xD0,0x20,0xEA,0xCA,0x1D,0x40,0xB6,0x24,0x16,0x7C}, 0xB513B7E5u},
    {{0xAF,0x43,0x2E,0x25,0x07,0x3D,0x7C,0xC9,0xB2,0xBA,0xCA,0xD4,0xF7,0xF7,0x31,0x87}, 0x0EA60D28u},
    {{0xAF,0xB2,0x82,0x7E,0x78,0x2C,0xD7,0x75,0xEE,0xF8,0x2B,0x90,0x95,0x58,0x49,0xC0}, 0xFA281623u},
    {{0xB0,0x0B,0x92,0x63,0x2F,0xBF,0x26,0xD9,0x7D,0x0B,0xE5,0xFA,0x41,0x88,0x4F,0x56}, 0xEB806465u},
    {{0xB0,0x8F,0x6D,0xD3,0x52,0xAF,0x38,0x2F,0x45,0xFF,0x10,0x8E,0xB6,0x45,0xB5,0x7C}, 0x460DA8F6u},
    {{0xB0,0xB2,0x70,0x16,0xF2,0xA4,0xA7,0x84,0xAD,0xA6,0x52,0xB3,0xCE,0x77,0x81,0x86}, 0x017E4C11u},
    {{0xB1,0x06,0xE9,0xC7,0x0D,0x4A,0x54,0x26,0x4A,0xC1,0xA3,0x58,0x9B,0x63,0x45,0x1F}, 0x286816C2u},
    {{0xB1,0x46,0x2B,0xC0,0xA3,0xC3,0xF6,0xD4,0x4A,0x67,0x80,0x16,0x1F,0x58,0xA4,0x0B}, 0x83CEF234u},
    {{0xB1,0x4B,0x5C,0x80,0x3C,0xFD,0x8D,0x52,0xDA,0x2F,0x16,0x9B,0x8B,0xAF,0x1A,0x48}, 0xFDC00962u},
    {{0xB1,0x72,0xE7,0x90,0xEC,0x7F,0xC2,0x37,0x92,0x01,0x1F,0xB4,0x9B,0x9E,0x5E,0xF9}, 0x3EACDDC6u},
    {{0xB1,0x75,0x90,0x38,0xC2,0x50,0x15,0xA8,0xB8,0xE1,0x4A,0x95,0x8E,0xC7,0x9F,0xC1}, 0x234D2427u},
    {{0xB1,0xDA,0x62,0x2E,0x50,0x4A,0x6A,0x54,0x68,0xA2,0xC4,0x5A,0x55,0x19,0xE0,0xC4}, 0x25965F98u},
    {{0xB1,0xFD,0x9C,0x68,0x78,0x9F,0x11,0x3B,0xB0,0x23,0x40,0xB9,0x50,0x35,0x79,0x08}, 0x6F52A7DBu},
    {{0xB2,0x13,0x04,0x64,0x5B,0x26,0xE3,0xC4,0x83,0x0C,0x53,0x48,0xB9,0x6C,0x75,0x62}, 0xD7923222u},
    {{0xB2,0x8D,0x93,0x6E,0x09,0xE3,0xC2,0x8F,0xD8,0x1E,0x5B,0x29,0x1E,0x52,0xF2,0x0D}, 0x62568CB4u},
    {{0xB2,0xA2,0x4C,0xCF,0xF3,0xEC,0x82,0x2E,0x13,0x13,0xB9,0xCA,0xBA,0xEF,0xF2,0xF1}, 0x9122E134u},
    {{0xB2,0xB1,0x2E,0x3C,0xAC,0xFE,0xD4,0xE1,0x3E,0x0E,0x96,0x03,0xE3,0x3D,0xF3,0x73}, 0x03F3D151u},
    {{0xB2,0xF1,0xCA,0xF0,0x1B,0xB1,0xDC,0x02,0x4E,0x23,0xA8,0x81,0x6D,0x32,0x76,0x61}, 0x6B21966Fu},
    {{0xB2,0xFD,0x28,0x72,0x63,0x8F,0xC0,0x02,0xEA,0x9A,0xFF,0x60,0xC3,0x79,0x6A,0x48}, 0xD187DA03u},
    {{0xB3,0x04,0x11,0x5B,0xD9,0x41,0x95,0x63,0x46,0xA7,0x99,0xF4,0xFF,0x7B,0x5F,0x16}, 0x7194D1B2u},
    {{0xB3,0x93,0x1E,0xE9,0x75,0x7C,0x12,0x3F,0x19,0xDA,0x5B,0x79,0x71,0x03,0x8A,0x31}, 0x9AC71F77u},
    {{0xB4,0x16,0x0D,0x80,0x15,0xBD,0xFD,0x46,0x3F,0x06,0x0E,0x8D,0x3A,0xE8,0x2E,0x1D}, 0x36246AA8u},
    {{0xB4,0x4F,0x8B,0x20,0x38,0x5E,0xD2,0x34,0x82,0x28,0xB2,0x14,0x9D,0xE3,0x9E,0x3C}, 0x0FFB75C0u},
    {{0xB4,0x71,0x59,0x38,0x0D,0xA7,0x3E,0x38,0x38,0xDD,0xB6,0xC1,0x09,0x69,0x4F,0x7B}, 0xCF19AE4Bu},
    {{0xB4,0x8C,0xAD,0x7C,0xEE,0xAB,0x2A,0xB9,0x54,0x5A,0xB8,0x83,0xDF,0x3F,0xB1,0xD6}, 0xBC6BD697u},
    {{0xB4,0x91,0x82,0x88,0x99,0xE8,0xA4,0xE6,0x6B,0xEC,0x6E,0x48,0x49,0x8A,0x25,0xAC}, 0xC12E38C0u},
    {{0xB5,0x39,0xA9,0x54,0x93,0x85,0x50,0xF7,0x1E,0xC1,0x3E,0x86,0xA5,0xD5,0x4B,0xCB}, 0x6F46A2E3u},
    {{0xB5,0x8C,0xDF,0x92,0xE2,0x67,0x66,0xF0,0x32,0x80,0x47,0x0D,0xDC,0xBF,0x16,0x3B}, 0x240423E7u},
    {{0xB5,0xFF,0xE7,0x4E,0x6B,0x0C,0x6F,0xE2,0x62,0x46,0x9D,0xFF,0x56,0xCE,0x20,0x67}, 0x89F8C1EAu},
    {{0xB6,0x0A,0xD7,0x86,0xE3,0x7B,0xD7,0xC5,0xAB,0xDE,0xC2,0x0C,0xFC,0xB5,0x1D,0x9C}, 0x7D0C1474u},
    {{0xB6,0x12,0xE7,0x20,0xFD,0xBA,0xB4,0xA4,0xEC,0xBC,0x82,0xFE,0xCD,0x89,0x0C,0xCF}, 0x3B54E80Bu},
    {{0xB6,0x19,0xEE,0x25,0x4D,0x9B,0xC9,0xA9,0xC0,0x8A,0x68,0xC6,0xB6,0xFC,0x58,0x68}, 0xD88CF112u},
    {{0xB6,0x8A,0x5B,0x6D,0x54,0x3A,0xEB,0x20,0x58,0x1A,0xC7,0x55,0x99,0xF4,0xA2,0xC8}, 0xCB197FA9u},
    {{0xB7,0x60,0x4E,0x38,0x0A,0xD6,0xDF,0xE9,0x07,0xED,0xA9,0x9B,0x07,0xEE,0xE6,0x6C}, 0x98A8B08Du},
    {{0xB7,0xA3,0x71,0xC5,0x43,0x4B,0xDD,0x9A,0xBB,0x3D,0x36,0x40,0xF5,0x4A,0x1A,0xAE}, 0xD3A6E0A9u},
    {{0xB7,0xEF,0xAC,0xB9,0x78,0x7B,0xDD,0xE1,0x0A,0xE2,0x8C,0x6B,0xED,0xFA,0x46,0x7A}, 0x131D5D86u},
    {{0xB8,0x11,0x86,0x58,0x3F,0xA8,0x7E,0x7B,0xFE,0x35,0xBF,0x44,0x3A,0xF7,0x57,0x1D}, 0x75462225u},
    {{0xB8,0x1A,0xC0,0x5B,0x14,0xB6,0x1D,0xF7,0x68,0x84,0x94,0x24,0x66,0x3C,0x98,0xDE}, 0x8D9B8128u},
    {{0xB8,0x3F,0xB0,0xFE,0x23,0xB9,0x59,0x02,0x61,0x65,0x65,0xEE,0xA5,0xBB,0x3A,0x27}, 0xC4083F13u},
    {{0xB8,0x58,0x2C,0x04,0x32,0x78,0x63,0xDD,0x71,0x9A,0xA1,0x77,0xE3,0xC3,0xE6,0xA6}, 0x3F2160EDu},
    {{0xB8,0xB3,0xFA,0x2C,0x71,0x47,0x4B,0x5D,0xBC,0x0E,0x39,0x09,0x96,0x27,0x3A,0x60}, 0x8E474C46u},
    {{0xB8,0xEF,0x9F,0x04,0x28,0xAE,0x7A,0x6F,0x33,0xEC,0xE3,0x08,0x27,0x0F,0xB9,0x04}, 0x025A4891u},
    {{0xB8,0xFF,0xC5,0x11,0x04,0x92,0xE5,0x67,0x22,0x23,0xB8,0x9E,0xAC,0x2D,0xDE,0xA5}, 0x731B417Eu},
    {{0xB9,0x86,0x23,0x6C,0x9E,0x90,0x13,0xB1,0xD7,0x16,0x33,0x81,0x13,0x96,0x52,0x82}, 0x48A316E0u},
    {{0xB9,0x8E,0x63,0x5C,0xB6,0xC2,0x83,0x06,0xDA,0x35,0xD2,0x5A,0x54,0xA3,0x30,0x8D}, 0xCDE4C2EFu},
    {{0xB9,0xA7,0x1A,0x3A,0xE1,0x85,0xC0,0xCF,0xCE,0xF9,0xF2,0xCC,0x5D,0xFE,0x12,0x1C}, 0x9A1DE490u},
    {{0xB9,0xC0,0xA9,0xA1,0x91,0x69,0x5D,0xBA,0xE8,0xC1,0x7C,0x28,0x7E,0x98,0x67,0x55}, 0xED7B8ADAu},
    {{0xB9,0xFA,0x3F,0x4A,0xC9,0xD9,0xB4,0xF4,0xEC,0x48,0x1D,0xD5,0x3B,0xCB,0x7E,0x2B}, 0xF9807170u},
    {{0xBA,0x69,0x58,0x84,0x41,0xBB,0xF1,0x55,0x46,0x8B,0x20,0x20,0x16,0xC4,0xBE,0xB3}, 0x34BA06A1u},
    {{0xBA,0x89,0xEB,0x0A,0xCD,0x55,0xB9,0x48,0x56,0x29,0x26,0x80,0x74,0xBF,0xD8,0x4C}, 0xB325C03Bu},
    {{0xBA,0xA3,0x8D,0x8D,0x44,0x2F,0xAD,0x25,0xDA,0x93,0x4D,0x1E,0x9D,0x7D,0x34,0xBB}, 0x6600F885u},
    {{0xBA,0xAF,0xE4,0x3B,0xC5,0x2E,0xCE,0x8C,0xE3,0xD4,0x10,0x60,0xD5,0xF7,0xFF,0xCB}, 0x2ACC7549u},
    {{0xBA,0xCC,0xD6,0xAC,0x3E,0x7A,0x5C,0xA8,0xDC,0x28,0xF9,0x15,0x0A,0x84,0x7A,0x1B}, 0xF27DFF1Au},
    {{0xBB,0x21,0xBA,0x7F,0xB2,0x05,0xF2,0x6D,0x6C,0x8A,0x8D,0x60,0x85,0xAB,0x28,0xD5}, 0x9B06FF6Cu},
    {{0xBB,0x6A,0xE9,0x36,0xA2,0x54,0x8F,0x5A,0x37,0xD4,0x8E,0x19,0xFF,0xAE,0xAF,0xEF}, 0x487542ABu},
    {{0xBB,0xEF,0x5C,0x2B,0xE8,0xE2,0x54,0x0D,0x23,0xCE,0xF1,0x4D,0x5B,0x7C,0x2E,0x0D}, 0x5BF698F0u},
    {{0xBC,0x04,0xAF,0xD8,0xD1,0xB5,0x0D,0xAA,0xD8,0x6C,0xC2,0x3C,0x50,0xBF,0xDC,0xF3}, 0xC9C76F17u},
    {{0xBC,0x50,0xF0,0xA6,0xAE,0x4D,0xBF,0x2A,0x93,0x8D,0x6C,0x17,0x2B,0xE4,0x4F,0xFA}, 0x665585D8u},
    {{0xBC,0x8F,0xC4,0x84,0xD6,0x1D,0xC2,0xD7,0x38,0x25,0x5C,0x2E,0x04,0x92,0xE6,0x60}, 0x66AC9BE5u},
    {{0xBC,0xC2,0xF1,0x94,0x49,0xC0,0x46,0xE3,0xAB,0xE8,0x24,0x8C,0x2D,0x29,0x4B,0x97}, 0xCE99A986u},
    {{0xBC,0xD3,0xDC,0x84,0x37,0x4C,0xEF,0x11,0x76,0x18,0x30,0x9D,0x2D,0x2A,0x9B,0xBE}, 0x952CD3EDu},
    {{0xBC,0xEC,0x61,0x24,0xEB,0x16,0x02,0x27,0x6E,0x28,0x3B,0x6F,0xFA,0x94,0x06,0x20}, 0x467209FBu},
    {{0xBD,0x4D,0x10,0xA0,0xD5,0x39,0xF7,0x2D,0xA7,0x98,0x93,0x6A,0x00,0x9A,0xAB,0x0E}, 0x27BF6158u},
    {{0xBD,0x73,0xDB,0x7A,0xC9,0x44,0xCC,0xBA,0x14,0x88,0xD3,0x6F,0xD2,0xF3,0xE1,0x99}, 0xC1D91782u},
    {{0xBD,0xB3,0x10,0xE7,0x8C,0x52,0x4B,0x32,0xFD,0x4B,0xC2,0xEC,0xB0,0xC8,0xC3,0xBD}, 0x60ABEE5Eu},
    {{0xBD,0xDB,0xDD,0x75,0xC2,0xCD,0x46,0xC0,0x93,0x89,0xC7,0x56,0xC3,0x64,0x38,0x44}, 0x9DA91187u},
    {{0xBE,0x18,0x5E,0x7E,0x74,0x00,0xC4,0x32,0xE6,0x3E,0x8C,0x91,0xE4,0x31,0x2A,0x8F}, 0xD1303AB6u},
    {{0xBE,0x3F,0x8D,0xA1,0x1F,0x66,0x7C,0xEA,0x39,0x72,0x85,0x81,0xA1,0xF7,0x05,0x1C}, 0x50BA918Bu},
    {{0xBE,0x55,0xC9,0x33,0x52,0xD2,0xE7,0x59,0xA2,0xDD,0x18,0x0D,0xEC,0x0A,0xB3,0x1F}, 0x8B7EC142u},
    {{0xBE,0x84,0x05,0x35,0xFB,0x5A,0x14,0x90,0x94,0xD5,0x17,0x6B,0x94,0x5E,0x23,0x9B}, 0x44899989u},
    {{0xBE,0x8E,0xA8,0x6D,0xD0,0xC1,0x15,0x52,0xDB,0xB4,0x3B,0x24,0xDE,0x7D,0xA8,0xC3}, 0x1B0AF350u},
    {{0xBE,0x9B,0x17,0x18,0xAC,0x59,0x88,0x07,0x52,0x4A,0x46,0x58,0x05,0x84,0xE3,0xDE}, 0xA0BC5638u},
    {{0xBE,0xCB,0x03,0xB4,0x48,0x84,0x1B,0xE7,0x7C,0xBC,0x2F,0xAF,0x59,0xCC,0x4C,0xB5}, 0x6121525Bu},
    {{0xBE,0xF4,0xAE,0x61,0xD8,0x32,0x98,0xF4,0x63,0x03,0x0E,0x17,0xAC,0x53,0xDB,0xB7}, 0x1B5A47A9u},
    {{0xBE,0xF5,0xA1,0xDA,0xE5,0x4E,0x65,0x5F,0x25,0x65,0xE0,0xEA,0xCB,0xDC,0x7B,0x52}, 0x550EFF0Cu},
    {{0xBF,0x37,0x4C,0xC3,0xA8,0xCC,0xD9,0x76,0xC3,0x22,0x26,0xE5,0xB0,0xE3,0x80,0x3C}, 0xCD693073u},
    {{0xBF,0x59,0xD9,0x23,0xD4,0x48,0xC4,0x73,0xF0,0x0E,0x68,0xEF,0x8B,0x53,0x95,0xB1}, 0xD5DE3173u},
    {{0xBF,0x7F,0xB4,0x6B,0x34,0x3E,0x64,0xD2,0xD7,0x0E,0x0B,0xD9,0x09,0xDB,0xB3,0xF6}, 0x858B402Du},
    {{0xBF,0xB1,0x5B,0x4B,0x69,0x33,0x98,0x91,0xDB,0x4E,0x33,0x37,0xC3,0x48,0x6F,0x43}, 0x55BF4222u},
    {{0xBF,0xC4,0x3C,0x6D,0x7B,0x1D,0xC7,0x4A,0xAB,0x81,0x01,0xAA,0xA8,0x71,0xB7,0x2E}, 0xA5477AF4u},
    {{0xC0,0x16,0x59,0xAF,0x7B,0x1A,0xE7,0x77,0x0F,0xDF,0x57,0x2A,0x2E,0x1A,0x18,0xCA}, 0xF142907Bu},
    {{0xC0,0x25,0x17,0x4E,0x35,0xD1,0x36,0xCA,0x75,0x2B,0x19,0x93,0x06,0xF3,0x8D,0x0F}, 0x428B6A2Fu},
    {{0xC0,0x36,0xE6,0x4E,0x9F,0x3D,0x20,0xF1,0x02,0x78,0x88,0xB0,0x1F,0x50,0xB1,0x61}, 0xF172D98Au},
    {{0xC0,0x56,0xD3,0x93,0xD9,0xE4,0xE3,0x75,0x3E,0xD5,0xED,0xF9,0x0B,0xA8,0x09,0x29}, 0x4094A218u},
    {{0xC0,0x75,0x16,0xE0,0xAF,0x2F,0x92,0xAD,0xC0,0xCC,0x8D,0x92,0xDC,0x64,0x48,0x13}, 0x5DED81BDu},
    {{0xC0,0x76,0xC0,0xCD,0x58,0x55,0x76,0xFB,0x26,0x23,0x9D,0x0F,0x8A,0x55,0x28,0x45}, 0x67F196E3u},
    {{0xC0,0x9C,0x3F,0x61,0xCA,0x4E,0xF9,0x09,0x94,0xED,0x61,0x39,0x06,0xD2,0x43,0x22}, 0x648818DCu},
    {{0xC0,0xD6,0x1E,0x5D,0x50,0x95,0xD9,0x85,0x08,0x17,0x94,0xD3,0xE3,0x7F,0xB5,0xA4}, 0x84B5D8EEu},
    {{0xC1,0x07,0x94,0xFE,0x03,0xDC,0x87,0x0E,0x51,0xAF,0x12,0xA6,0x23,0xAF,0xF6,0x8D}, 0xAD5D062Au},
    {{0xC1,0x1B,0x40,0xEA,0x8F,0xE5,0x84,0x77,0x1C,0xE0,0xEC,0x6D,0xF0,0x82,0xEB,0x01}, 0x7340102Au},
    {{0xC1,0x28,0xFF,0xC7,0x35,0x8E,0xC5,0xC5,0x89,0xE6,0x07,0x69,0xA0,0xD4,0xE0,0x31}, 0x5AC58FF1u},
    {{0xC1,0x4F,0x92,0x71,0x8F,0xF5,0xB0,0x25,0x88,0x0C,0xA9,0xC1,0x5E,0xCC,0xE5,0xDF}, 0x0D0A1086u},
    {{0xC1,0x63,0x79,0x35,0x37,0x02,0xE0,0x7B,0x36,0xCC,0x67,0x71,0xF4,0xF3,0x0F,0x63}, 0xE9108EE5u},
    {{0xC1,0x64,0x3A,0x6A,0xF3,0x77,0x40,0xD3,0x81,0xAF,0x2F,0x85,0x32,0x89,0x1D,0x89}, 0x92408372u},
    {{0xC1,0x79,0xD8,0x96,0x75,0x7D,0xA9,0xCB,0x21,0xDB,0xAB,0xB7,0xCE,0xC7,0x4D,0xDA}, 0xC7CA1BB0u},
    {{0xC1,0x81,0x95,0x10,0x6C,0x1C,0x31,0x34,0x58,0x92,0x65,0x13,0x85,0xF0,0xDC,0x40}, 0xA7B90A77u},
    {{0xC1,0x91,0x57,0x96,0x99,0xFF,0x6A,0x84,0x9A,0xD7,0x91,0x41,0x09,0xDA,0xD7,0xBF}, 0xCF311E6Eu},
    {{0xC1,0xD7,0x5F,0xDC,0xDC,0x68,0x4D,0x70,0x45,0xFD,0x5C,0x19,0x04,0xD2,0xE8,0x95}, 0x34977D06u},
    {{0xC1,0xDA,0xE2,0x01,0x70,0x70,0x76,0x80,0x7E,0xDD,0xA7,0xC5,0x66,0x43,0x5F,0x24}, 0x9B8BD4A8u},
    {{0xC1,0xF2,0xA4,0xB1,0x4B,0xA8,0xC0,0xDD,0x88,0xEF,0x30,0xFF,0x0F,0xD2,0x61,0x1C}, 0x573845D7u},
    {{0xC2,0x1F,0xFC,0xBA,0xED,0xBC,0x0B,0x1B,0x5F,0xEA,0x35,0xB8,0x75,0x1F,0x6E,0xC6}, 0x58091A9Fu},
    {{0xC2,0x8A,0x38,0x4F,0x1B,0x30,0x73,0x56,0x19,0x3B,0x7E,0xEB,0x76,0x11,0x7D,0xB1}, 0x6FACD7FDu},
    {{0xC2,0xFA,0x99,0x16,0x04,0xBD,0xF4,0x56,0x8E,0x7E,0xD9,0x77,0xFF,0xED,0x81,0xD9}, 0x442AF60Du},
    {{0xC3,0x40,0x62,0x9D,0xB7,0xF7,0xBA,0x58,0x78,0x1C,0x56,0xA2,0x84,0x7F,0xD7,0x66}, 0x6CA05A53u},
    {{0xC3,0x7B,0x7C,0x6A,0x7E,0x95,0x8C,0x63,0x56,0x0A,0x77,0x05,0x84,0x7D,0x63,0xB0}, 0x6527DD16u},
    {{0xC3,0xA3,0x0E,0x1B,0xB8,0x84,0x66,0x63,0x2E,0x75,0xDA,0x72,0x07,0x1D,0x85,0xC3}, 0xFCBB340Bu},
    {{0xC3,0xDA,0xBF,0x04,0x07,0x78,0xE8,0xC3,0x62,0xE1,0x7C,0xD7,0xF2,0x0E,0xA2,0x9F}, 0xF19E749Cu},
    {{0xC3,0xE2,0xE2,0xF9,0xE1,0x54,0x69,0x11,0xD3,0x0D,0xCA,0x88,0xE1,0xCC,0x1B,0x29}, 0xFC496878u},
    {{0xC4,0x39,0x2D,0x08,0x46,0x4F,0x58,0x7F,0x38,0xB0,0xCC,0xA0,0x9D,0x69,0x32,0x01}, 0xE054BE18u},
    {{0xC4,0x8E,0xCE,0x63,0x1A,0x45,0xC3,0x7C,0x24,0x64,0xED,0xA4,0xFA,0x32,0xCE,0x64}, 0xB3D11433u},
    {{0xC4,0xA0,0x6E,0xD3,0x69,0xC4,0x0E,0x0E,0xA4,0x8E,0x83,0x7D,0x33,0x93,0x9A,0x05}, 0x9D01E706u},
    {{0xC4,0xB0,0xC0,0x43,0x0F,0x60,0x44,0x3F,0xC4,0x84,0x4C,0x0C,0xF1,0x85,0xED,0x7D}, 0xCF122F58u},
    {{0xC5,0x63,0xB9,0x93,0x26,0xFB,0x02,0xCA,0x8C,0xE3,0x35,0xAB,0xBB,0x23,0x51,0x0B}, 0x1DEF34A8u},
    {{0xC5,0x80,0x58,0xE4,0x76,0xCE,0x8D,0x2E,0x1A,0x97,0x4E,0xD4,0xB7,0x5E,0x6A,0x72}, 0x65BF18FDu},
    {{0xC5,0xC0,0x8F,0x50,0x34,0x01,0x5F,0x65,0xA4,0xE0,0x71,0x5C,0x75,0x8D,0x49,0x7B}, 0x3792232Cu},
    {{0xC5,0xDB,0x55,0x63,0xB8,0x69,0xB6,0x65,0x85,0xC6,0x8F,0x41,0xF8,0xA0,0xAF,0x21}, 0x6AA5E87Au},
    {{0xC6,0x78,0x44,0x6A,0xC9,0xEB,0xB5,0xF4,0xD6,0x05,0xE3,0x32,0xFF,0x20,0x13,0x6A}, 0xB4670729u},
    {{0xC6,0xA3,0x7C,0xD0,0xAB,0x4A,0xC8,0x69,0xA4,0x48,0x52,0x87,0x5D,0x2C,0xB7,0x5E}, 0xD917ED38u},
    {{0xC7,0x28,0xF9,0x59,0xB5,0x5B,0xA8,0xB6,0x9F,0xD7,0xC4,0xF0,0x83,0xB4,0xD7,0xFB}, 0xD002311Du},
    {{0xC7,0x35,0xBA,0x29,0x95,0x1B,0x5E,0x82,0xFA,0xD9,0x94,0xCF,0x89,0x0F,0x8F,0x47}, 0xAB4A0CF3u},
    {{0xC7,0x62,0xC0,0x45,0x45,0x4B,0x17,0x44,0x79,0x57,0x39,0x51,0x40,0x80,0x83,0x62}, 0x9D00C646u},
    {{0xC7,0xB4,0x5C,0x0B,0x3E,0x54,0xB3,0xA4,0xD9,0x8E,0x20,0x4B,0x58,0xF7,0x76,0xD9}, 0x2EAF96DEu},
    {{0xC7,0xDA,0x4C,0xA1,0x91,0x22,0xBF,0xAE,0x7F,0x5E,0x3B,0xE1,0x2B,0xCC,0xDE,0x76}, 0x64A2A371u},
    {{0xC8,0x1B,0x49,0xBD,0x1E,0xB2,0x02,0x5E,0x13,0x8A,0x92,0xA5,0x9A,0x1D,0x9C,0x74}, 0x575C8A55u},
    {{0xC8,0xBA,0xE5,0x8C,0x90,0x4F,0x9F,0x35,0x52,0x09,0xAB,0xA3,0x90,0xF7,0x2D,0x7C}, 0x250C1885u},
    {{0xC9,0x21,0x54,0xB4,0x97,0x19,0x84,0x1D,0xB7,0xE7,0xCC,0x70,0x7B,0xA8,0xA5,0xD7}, 0x7923A9BCu},
    {{0xC9,0x3D,0x23,0x5C,0xE5,0xDF,0xA2,0xF8,0x06,0xDC,0xC4,0x7F,0xE6,0x1B,0xAD,0x17}, 0x5249404Au},
    {{0xC9,0x40,0x11,0xAF,0x93,0xDD,0x91,0x6C,0xE5,0x8C,0xD2,0xFB,0x82,0x18,0x48,0x8F}, 0xE94BBD7Bu},
    {{0xC9,0x72,0x15,0x42,0xAA,0x1A,0x87,0xFA,0xA3,0x0F,0x43,0x2F,0xFF,0x44,0x03,0x0D}, 0x4B8E886Cu},
    {{0xC9,0x74,0x0C,0x69,0x13,0x42,0xDD,0x84,0x55,0x01,0x50,0x5E,0x7A,0xC2,0xC3,0x24}, 0x00C2FA14u},
    {{0xC9,0xA6,0x21,0x70,0x70,0x16,0xE0,0x43,0x07,0x5F,0x19,0x97,0x4A,0x20,0x80,0xA4}, 0x39B7F68Au},
    {{0xC9,0xCD,0xC2,0x95,0xFC,0x51,0x21,0xF7,0x92,0x9A,0x6A,0xF3,0x5D,0x3E,0xAA,0xEF}, 0x2868A398u},
    {{0xCA,0x0D,0xFC,0xBA,0xCB,0xEC,0x00,0x0C,0x00,0x09,0xB3,0x15,0xC4,0x66,0xDF,0x04}, 0x115B6960u},
    {{0xCA,0x18,0x0D,0x02,0x52,0xC6,0x70,0xCF,0x4F,0xE6,0x0E,0x42,0x4E,0x21,0xF4,0x06}, 0x6BC8CF9Du},
    {{0xCA,0x1F,0xDE,0xD7,0xFD,0x4E,0x41,0x25,0xF7,0xF7,0xC0,0x73,0xE4,0xE7,0x0A,0x8B}, 0xF4F3065Eu},
    {{0xCA,0x65,0x23,0x28,0x8D,0x77,0x1A,0xF8,0x39,0x55,0x14,0x93,0x14,0x01,0x97,0xB0}, 0x25081630u},
    {{0xCA,0xC7,0xA7,0x2F,0x12,0x25,0x26,0x25,0x15,0xB2,0x01,0x4D,0xB1,0xDE,0xB8,0xB7}, 0xCEEA9515u},
    {{0xCA,0xDC,0x55,0xC9,0x00,0x14,0x5B,0xEF,0x2E,0xEE,0xE1,0x64,0xF9,0x4C,0xCF,0xC2}, 0xDB604BACu},
    {{0xCB,0x18,0xB5,0x02,0x9B,0x84,0x1F,0xFD,0x41,0x0B,0x5E,0xFC,0x4D,0x0C,0x2D,0x63}, 0xF29ADC3Cu},
    {{0xCB,0x21,0xF0,0x05,0x6B,0xB6,0x11,0x39,0x4C,0xE1,0x69,0xE7,0x5B,0xAA,0x6C,0x08}, 0xEEC29185u},
    {{0xCB,0x3B,0xC3,0xD3,0x1F,0x74,0xBA,0x4B,0xDE,0x02,0xF0,0x42,0x69,0x4F,0x7C,0x87}, 0xB9DE7E38u},
    {{0xCB,0x58,0xD2,0x33,0x17,0x06,0x59,0x2E,0xB5,0xC0,0xAB,0xF5,0x65,0xDA,0x20,0x91}, 0xC379AA68u},
    {{0xCB,0xAD,0x48,0x24,0x35,0x07,0xAF,0xCF,0xD7,0x7C,0x81,0x01,0x86,0xD9,0x6C,0x83}, 0x2EFFD91Du},
    {{0xCC,0x12,0x3B,0xC2,0x58,0x88,0xCF,0x61,0xA8,0x48,0xBD,0x54,0xDC,0xC7,0x2F,0x69}, 0x1088901Du},
    {{0xCC,0x1C,0x76,0xB9,0x67,0xAC,0xE3,0x5C,0x01,0x94,0x47,0x16,0x5F,0x15,0x33,0x46}, 0xD01D19B0u},
    {{0xCC,0x31,0xB1,0x58,0x60,0x02,0xD9,0x4D,0x7B,0x02,0x26,0xC0,0x54,0x1F,0x1E,0x2D}, 0x2DD29DE5u},
    {{0xCC,0x36,0x84,0x6B,0xF7,0x7C,0x9D,0x9D,0x29,0xCD,0x32,0x84,0xC1,0x5F,0xB4,0x9D}, 0x134B5C64u},
    {{0xCD,0x3B,0x30,0xC7,0x0F,0xBC,0x18,0x0F,0x78,0xFC,0x23,0xC9,0xF4,0xCB,0x34,0x60}, 0x098E2FE6u},
    {{0xCD,0x6C,0xD9,0xA6,0x33,0x21,0x43,0x0B,0x5F,0xCF,0xEA,0x48,0x50,0x45,0xEA,0x5B}, 0xC0709A24u},
    {{0xCD,0x95,0x33,0x26,0xD9,0x46,0xE0,0x1F,0x28,0xEB,0x79,0xFC,0xDE,0x2A,0xDD,0xAD}, 0xC6EAE952u},
    {{0xCD,0xE7,0xD7,0xB9,0xAE,0xF1,0xF5,0xF4,0x83,0x20,0x9E,0x94,0x10,0x79,0xD7,0x60}, 0x4EE26119u},
    {{0xCE,0x71,0x81,0x15,0xFD,0x88,0x92,0x22,0x57,0x3A,0x7C,0xAA,0x30,0x9D,0xC9,0x9C}, 0x5D88516Fu},
    {{0xCE,0x85,0x67,0xE0,0x8B,0xF6,0x5E,0x5A,0x3E,0xB8,0xC4,0x64,0xAB,0x12,0x14,0x9F}, 0x7D0BC8C8u},
    {{0xCE,0x91,0xF7,0xA5,0x2B,0x54,0x5B,0xAE,0xB0,0x29,0xF0,0xF7,0x02,0xF2,0x9D,0x17}, 0xD187B67Bu},
    {{0xCE,0x9A,0x91,0x4A,0x36,0x5D,0x95,0x95,0x8A,0xF8,0x39,0x85,0x64,0xB1,0x7F,0xA5}, 0xC80CBFE2u},
    {{0xCE,0xA9,0x60,0x50,0x75,0x9C,0x13,0xDA,0x32,0x96,0xD3,0xCC,0x04,0x6A,0xBC,0x24}, 0xCF83D66Bu},
    {{0xCF,0x5D,0x34,0xDC,0x47,0x13,0xFC,0x05,0x89,0x56,0x56,0xCF,0xE9,0x3D,0xCE,0x22}, 0xDE808041u},
    {{0xD0,0x13,0x56,0x5D,0x07,0x38,0xCA,0x92,0xED,0x39,0xF0,0xE8,0xDD,0xD3,0x20,0x9B}, 0x96BE992Au},
    {{0xD0,0x2B,0xBA,0x5A,0x01,0x28,0x53,0x20,0x3C,0x0A,0x2E,0x4C,0xC2,0xA3,0x25,0x63}, 0x9361AB72u},
    {{0xD0,0x6D,0x9D,0x68,0xA8,0xF0,0x2E,0xA6,0x54,0xF9,0x28,0xB6,0x70,0x07,0x23,0x98}, 0x717F4221u},
    {{0xD0,0xA7,0x61,0x67,0xE4,0x2C,0xC5,0x98,0x79,0x3C,0x73,0x3D,0xBC,0x19,0x2C,0x62}, 0xF53062C1u},
    {{0xD0,0xB9,0x7A,0x75,0xBE,0x67,0x4F,0xA1,0x77,0xBF,0xFA,0xC1,0xF9,0xDB,0x07,0xBF}, 0x340061CEu},
    {{0xD0,0xBD,0xBA,0xE2,0xBB,0x31,0x00,0x6E,0x46,0x45,0xE3,0xA9,0x28,0x27,0xE8,0xD7}, 0x6E71B0F5u},
    {{0xD0,0xD7,0x4B,0x0A,0x6C,0x94,0xA1,0x9B,0x3B,0xE6,0xB2,0x93,0x14,0x55,0xB7,0xD3}, 0xF063EC4Bu},
    {{0xD0,0xF2,0x88,0x06,0x3A,0x48,0x10,0x11,0x72,0xD8,0xFC,0xBE,0x5B,0x86,0xEB,0x3B}, 0x58A2F628u},
    {{0xD2,0x26,0x7D,0xB2,0xD5,0xD5,0x8D,0x73,0x04,0x34,0xEB,0x26,0xC6,0x9F,0xD5,0x21}, 0xB54CA386u},
    {{0xD2,0x51,0x62,0x31,0xAC,0xB3,0xAA,0x4F,0xB4,0xB8,0x83,0x4D,0x5B,0x1E,0x80,0x05}, 0xDD1CA9C4u},
    {{0xD2,0x91,0xE2,0xF6,0x91,0x6C,0x46,0x27,0x27,0x6F,0x2E,0xE2,0xDF,0xC9,0xD5,0x03}, 0xF2BE9EA2u},
    {{0xD2,0x9F,0x6A,0xA3,0x9D,0x71,0x9E,0x48,0x26,0xAB,0xAB,0x31,0x7B,0xBA,0x99,0x56}, 0x95B8DB64u},
    {{0xD2,0xFB,0x91,0x92,0x75,0x89,0xCB,0x7B,0x34,0x17,0xF8,0xAB,0xBE,0x6F,0x4B,0xDA}, 0xCD5186C9u},
    {{0xD3,0x12,0x7E,0xB2,0xDA,0x88,0xBD,0x52,0x23,0x72,0xF5,0x07,0x2B,0x25,0xB7,0x71}, 0xD86E8309u},
    {{0xD3,0x1B,0x4A,0x94,0x62,0x63,0xCF,0x2F,0x59,0x6F,0x1E,0x2A,0xE8,0x7A,0x13,0x47}, 0x03831526u},
    {{0xD3,0x69,0x65,0x67,0xF3,0x46,0x57,0x36,0xD4,0xF5,0x94,0xE2,0xEA,0xA9,0xD3,0x52}, 0x0A7CC7D4u},
    {{0xD3,0x92,0x01,0xA5,0x11,0x30,0x5B,0x30,0xE1,0xB1,0x45,0x6F,0x71,0x5B,0x79,0x80}, 0x9FC9FDBEu},
    {{0xD3,0xD3,0x2A,0x51,0xC4,0x61,0x9A,0xF5,0x40,0xF4,0x0B,0x61,0xFF,0xF5,0x93,0x66}, 0xC8F7AC25u},
    {{0xD4,0x42,0x95,0xB8,0x2C,0xA7,0x64,0x8F,0x16,0xDB,0x2A,0x56,0xBC,0x37,0x70,0xB9}, 0xCA5884EDu},
    {{0xD4,0x87,0x5C,0x85,0xBD,0xEA,0x15,0xEF,0xFE,0xE6,0x22,0x07,0x3C,0xDD,0x69,0xE8}, 0x149A4EE6u},
    {{0xD4,0xB4,0xA9,0xFB,0xA7,0x2F,0xA1,0x17,0x85,0x40,0xAE,0x75,0x17,0xBD,0xDA,0x49}, 0x9D7F5338u},
    {{0xD4,0xB8,0xE5,0x88,0x0F,0x56,0x56,0x88,0x50,0x11,0xED,0xAE,0x5F,0x9F,0x53,0x8B}, 0xF7D3B442u},
    {{0xD4,0xDB,0x6F,0xEE,0x2D,0xEA,0x39,0xE9,0x74,0xB0,0x4F,0xAB,0x5D,0xAA,0x8C,0xB7}, 0xC0493ADDu},
    {{0xD5,0x1B,0xE9,0xCC,0xAA,0x2C,0x46,0x47,0xCA,0x62,0x25,0x66,0x73,0x8F,0x60,0xB1}, 0x00C3DB48u},
    {{0xD5,0x20,0x19,0x8D,0x48,0x40,0x8A,0x06,0xB8,0xA4,0x86,0xE0,0xFF,0x8C,0xD8,0x09}, 0x752A61F3u},
    {{0xD5,0x61,0xD1,0x37,0x1B,0x9C,0x40,0xCF,0xE0,0xE0,0xF5,0x66,0x35,0xCE,0xA4,0x31}, 0xB62CCE16u},
    {{0xD5,0xA2,0x7E,0x52,0x09,0xFC,0xCA,0x9F,0xD3,0xCC,0x15,0xCC,0x68,0xFE,0xED,0x3D}, 0x1656C284u},
    {{0xD5,0xD8,0xCE,0xE0,0xFB,0x24,0xEE,0xB1,0x36,0xAB,0xF3,0x14,0xF8,0xE3,0x0A,0xD2}, 0xBD9F6A99u},
    {{0xD6,0x02,0xF1,0xFD,0xBE,0x7E,0x28,0x9A,0x60,0x6D,0x14,0xE7,0x89,0xFF,0x7C,0x9B}, 0x78CB4B2Fu},
    {{0xD6,0x17,0x24,0xFB,0x2D,0x67,0x79,0x6F,0xBA,0x43,0x98,0x3E,0x0B,0x57,0x89,0x20}, 0x902545B8u},
    {{0xD6,0x32,0x94,0x41,0x32,0x23,0xF0,0xD9,0xA1,0x72,0x76,0x31,0x18,0xCA,0x6F,0x7D}, 0x40FA05B9u},
    {{0xD6,0x38,0x71,0xDB,0xC7,0x36,0x43,0x40,0x4C,0xCF,0x47,0x0C,0xA5,0xCE,0x69,0x89}, 0x7FDFC551u},
    {{0xD6,0x66,0x2D,0x66,0x3E,0x9D,0x7F,0xC7,0x54,0xF1,0x00,0x0E,0x65,0x4B,0x84,0x0C}, 0x6CFCA4D2u},
    {{0xD6,0x7F,0xD7,0xC9,0x31,0xB1,0xB8,0xFB,0x5D,0x27,0xA6,0x87,0xF8,0xDA,0x3F,0xE3}, 0x30990C2Cu},
    {{0xD6,0xDB,0xD2,0x49,0x7F,0x02,0x3C,0xB4,0x87,0x4A,0x7E,0xDE,0x78,0x69,0x88,0xC8}, 0x42221726u},
    {{0xD7,0x09,0x07,0x7D,0x3A,0x59,0xE7,0xB2,0x60,0xD6,0xDD,0xBE,0xA9,0xF2,0xEA,0xB5}, 0x5BD2682Cu},
    {{0xD7,0x57,0xB1,0x41,0x2A,0x56,0x08,0x7C,0xF2,0xCC,0x7C,0xE0,0xCA,0x77,0x22,0x39}, 0xEA24F2FCu},
    {{0xD8,0x19,0x4A,0x4B,0x37,0x99,0x33,0x93,0x94,0x1E,0x09,0x1E,0x10,0x9A,0x0B,0xFF}, 0x9D4898BAu},
    {{0xD8,0x2B,0x2A,0x74,0x2F,0xE5,0xFF,0x2E,0x9D,0x10,0x62,0x9A,0xDA,0x12,0x73,0x69}, 0x075E1300u},
    {{0xD8,0x4A,0xF2,0x30,0x41,0x61,0xFB,0x70,0xB3,0xB0,0x5B,0xA5,0x51,0x63,0xE0,0x7A}, 0x09E997EFu},
    {{0xD8,0x50,0x41,0xD3,0x9D,0xAB,0x73,0xB5,0xCE,0xD2,0x0E,0xF6,0x19,0x0D,0x47,0xC4}, 0x298CC62Au},
    {{0xD8,0x5F,0x78,0x54,0xB9,0x4C,0x3D,0x9D,0x51,0x6A,0x70,0x9C,0xD1,0xB6,0x6C,0x4B}, 0x7E4919DFu},
    {{0xD8,0x5F,0xA6,0xAB,0xBD,0x19,0x7E,0x55,0x71,0x26,0x1A,0x77,0x60,0x94,0x5D,0x3F}, 0x245467B0u},
    {{0xD8,0x82,0xE0,0xE5,0xEB,0x49,0xD2,0x7C,0x19,0x21,0x61,0xCB,0x7A,0x56,0xF8,0x9E}, 0xEF8CD658u},
    {{0xD8,0xC2,0xC6,0x1F,0xD9,0x90,0x27,0xDA,0x4D,0x81,0xA9,0x96,0x90,0x95,0x1C,0x77}, 0x57B2D25Au},
    {{0xD9,0x24,0x1D,0x95,0x31,0xC3,0x8B,0xAF,0xFE,0x4C,0x5D,0x2C,0xEF,0x83,0xDE,0x7A}, 0xBFDFB16Cu},
    {{0xD9,0x4F,0xAD,0x01,0xAB,0xEC,0xDE,0x97,0xB5,0xAE,0x3B,0xDB,0x14,0x4D,0x68,0x75}, 0xFAF2A724u},
    {{0xD9,0x59,0x9C,0x80,0x01,0x65,0x30,0xD7,0xFB,0xB1,0xDA,0x6E,0xB5,0x48,0x08,0x4B}, 0xB0A995BAu},
    {{0xD9,0x62,0xF5,0x66,0x88,0xF4,0xA8,0x58,0xD3,0xED,0x6C,0x3A,0xE0,0xEE,0x34,0xC7}, 0x34789C4Bu},
    {{0xD9,0x74,0x2F,0x8F,0x2C,0xCE,0x69,0x41,0x2C,0xC5,0xDE,0x11,0x6D,0x2E,0x5F,0x9D}, 0x3FFE52A0u},
    {{0xD9,0x7D,0x5A,0x18,0xCF,0x07,0xB2,0x6A,0x0A,0x01,0x06,0xED,0x44,0x4D,0x7C,0xC0}, 0xE74C1EF4u},
    {{0xD9,0xA1,0x5C,0x22,0x5D,0xB8,0x70,0x24,0xE5,0xB9,0xE4,0x9F,0x2A,0x07,0xE3,0x28}, 0x6D7B4DCAu},
    {{0xD9,0xA4,0x7C,0xB9,0x63,0x37,0x78,0xEC,0x99,0x62,0xC6,0xCF,0xC6,0x9D,0x13,0x31}, 0xE27FFC7Bu},
    {{0xD9,0xAF,0xB2,0xC4,0x2A,0x5B,0x0E,0xCD,0xFB,0x65,0xBD,0xA3,0x16,0x7D,0x78,0xA7}, 0xB06B17D0u},
    {{0xD9,0xC6,0xC2,0xB4,0xA0,0x44,0x0D,0xC6,0xCB,0xDD,0x36,0xAD,0x31,0x9A,0x76,0xCD}, 0xD2FA4993u},
    {{0xD9,0xDA,0xC9,0x5A,0xFA,0xD1,0x15,0x20,0xE7,0x89,0xAF,0x49,0xC6,0x21,0x8B,0x0C}, 0x3F463E43u},
    {{0xDA,0x14,0x52,0x48,0x03,0xEB,0x1A,0x49,0x3B,0xD5,0xE8,0x7F,0xF8,0xC2,0xF8,0x08}, 0x58FA2CE9u},
    {{0xDA,0x2E,0xAC,0x73,0x4C,0x66,0x95,0x43,0x76,0x57,0xBD,0x1B,0x3C,0x5E,0xDC,0x67}, 0x76B0434Eu},
    {{0xDA,0x84,0xB5,0x09,0x06,0x16,0xFE,0x68,0x77,0x58,0xB7,0x02,0x9C,0x50,0xDC,0xB1}, 0x97622EA6u},
    {{0xDA,0x85,0x90,0x3A,0x0B,0x97,0xA8,0x4A,0x12,0x22,0x67,0x28,0x6B,0x81,0x52,0x90}, 0x78A27F42u},
    {{0xDA,0x91,0xD7,0x7A,0x21,0xAB,0xFD,0xDF,0xA1,0x53,0xC6,0x84,0xF7,0xCC,0x37,0xE7}, 0x5A725BCEu},
    {{0xDA,0xD2,0xA0,0x8B,0x79,0x8E,0xE2,0x9A,0x0B,0xE2,0x0D,0xE7,0xF4,0xEE,0xCB,0x48}, 0x47DCE57Eu},
    {{0xDA,0xDB,0x8E,0x43,0xE7,0x26,0x94,0xB6,0x3E,0x4E,0xDC,0xE3,0xE6,0x08,0xD1,0xDB}, 0x1136B9C4u},
    {{0xDA,0xE7,0x4F,0x19,0xA7,0x6E,0x3A,0x23,0x72,0x94,0x6D,0xD6,0xB1,0x0B,0xA6,0x8B}, 0x1D2E4FC5u},
    {{0xDB,0x46,0xBB,0x2F,0x8C,0xB7,0x23,0x01,0x33,0xAC,0xC7,0xD1,0xCB,0x05,0x91,0x34}, 0x249213FEu},
    {{0xDB,0x77,0x2A,0x2A,0xD4,0x09,0x3E,0xCE,0x83,0x66,0x2B,0x3E,0xD3,0xDC,0xD6,0x57}, 0x6D36E8B5u},
    {{0xDB,0x7E,0x3D,0xBC,0xFC,0x31,0x24,0x4A,0xCD,0x91,0xCA,0x3C,0x81,0x15,0xA1,0xD4}, 0xBF0D36F1u},
    {{0xDB,0xB8,0x26,0x78,0x9D,0x0A,0xA0,0xFB,0x89,0x2F,0xBC,0x4B,0xED,0x49,0xDF,0xCA}, 0xC6A4BA72u},
    {{0xDB,0xC2,0x87,0xFF,0xAF,0x06,0xBC,0x97,0x81,0x04,0xA7,0x6A,0x8B,0xA0,0xE9,0xA8}, 0xFC992A2Cu},
    {{0xDB,0xE8,0xE9,0x9E,0xC4,0x31,0x40,0x3E,0x37,0x1F,0xDA,0x81,0x7A,0x76,0xBD,0x67}, 0xC8CB58F0u},
    {{0xDC,0x39,0xDB,0x76,0x0E,0x3A,0x4A,0x0F,0xD2,0x85,0xE5,0x09,0xC4,0x54,0xCD,0x92}, 0x6B4E82B5u},
    {{0xDC,0x4D,0xC0,0x41,0xA2,0x83,0xC4,0x88,0x18,0x7E,0xF9,0xB7,0x5E,0x70,0x1A,0xB0}, 0x971D533Fu},
    {{0xDC,0xAF,0x6F,0xB8,0xB2,0xF8,0x78,0x2F,0xD8,0x24,0x5B,0x93,0xBE,0x73,0xA4,0x56}, 0x2C286F3Du},
    {{0xDD,0x28,0x67,0x36,0x51,0xDB,0x5A,0x7A,0x71,0xF7,0xD5,0xD6,0x38,0x54,0xE7,0x6F}, 0x1E7114BAu},
    {{0xDD,0x31,0xF1,0x6C,0xF6,0xD4,0x76,0xD1,0x30,0x30,0x86,0x73,0x0E,0x89,0xE4,0x5F}, 0x0CD652BAu},
    {{0xDD,0x51,0x4A,0xD4,0x89,0x61,0x21,0x78,0x5F,0xD4,0x2E,0x63,0xA8,0x1C,0x26,0x47}, 0xE800145Fu},
    {{0xDD,0x53,0x82,0xB3,0x96,0x7C,0x4B,0xCA,0x3A,0x15,0x32,0x40,0x94,0x0B,0x7F,0x0D}, 0xC216B55Cu},
    {{0xDD,0x91,0x7A,0x5F,0xBE,0xA6,0x52,0xD6,0xA3,0x5D,0x3D,0x26,0xBE,0x2E,0xA1,0xB1}, 0xE0D38E37u},
    {{0xDD,0xE4,0x4A,0x56,0x68,0xBD,0x8C,0x67,0xEE,0x44,0xED,0xA1,0x67,0x9F,0xCE,0x72}, 0x96A33648u},
    {{0xDE,0x0C,0x90,0x8E,0xEA,0x02,0xA4,0xAD,0xB5,0x67,0x64,0xDF,0x09,0xEC,0x8C,0x7E}, 0xEEEF969Fu},
    {{0xDE,0x2C,0xAF,0x11,0x9B,0xA1,0x91,0xE5,0xED,0x79,0xDE,0xC8,0x2F,0x35,0x5B,0x73}, 0xE6ED1A0Du},
    {{0xDE,0x54,0xF2,0x88,0x25,0x1C,0xFF,0x6C,0x97,0xB7,0xA5,0x62,0x45,0x3C,0xA4,0xF2}, 0x9A066C18u},
    {{0xDE,0x57,0xBE,0x06,0xE1,0xAA,0xF3,0x1D,0xBA,0x04,0x76,0x1B,0x6D,0x29,0x90,0x77}, 0x121DB770u},
    {{0xDE,0x59,0xCE,0x2F,0x7A,0x3F,0x30,0x14,0xF4,0x9D,0xF5,0x65,0x5C,0x90,0xD8,0xC6}, 0xFB5AE7A8u},
    {{0xDE,0x90,0x97,0x5A,0xF7,0x21,0x92,0x9D,0xD5,0xD6,0xC4,0x58,0xF1,0xD6,0x04,0x17}, 0x914BE8CEu},
    {{0xDE,0xEC,0x62,0x90,0x07,0x8F,0x60,0x20,0xF0,0x41,0x3C,0xF2,0x8C,0x7D,0x99,0xEC}, 0x571F40FFu},
    {{0xDF,0x91,0xE8,0x48,0xEE,0xDE,0xD2,0x59,0x8C,0xCD,0xF0,0x84,0xBF,0x59,0x1E,0xC2}, 0x054C990Du},
    {{0xDF,0xE9,0xFE,0x53,0x05,0x90,0xFF,0xB4,0xFE,0x92,0x6E,0x45,0xEE,0x15,0x2A,0x7C}, 0x69EC5416u},
    {{0xE0,0x0B,0x17,0xBD,0x1C,0xFC,0x99,0x78,0x65,0xF5,0x6E,0xF5,0x3B,0xC9,0x31,0x31}, 0x26A7188Bu},
    {{0xE0,0x5B,0x85,0x64,0x1D,0xA1,0xF9,0x79,0xD2,0xE5,0x44,0x92,0xD6,0x32,0x94,0x3B}, 0x9A095EEBu},
    {{0xE0,0x7B,0xDC,0x12,0x94,0x12,0x3B,0xC0,0x5E,0x6E,0x31,0xFE,0x8A,0x80,0x7B,0xDF}, 0x52D67E9Bu},
    {{0xE0,0x87,0x7C,0x12,0x5C,0x0E,0x38,0x29,0x78,0xD9,0xBB,0x38,0xC2,0xCE,0x9F,0x81}, 0x90C7B4D5u},
    {{0xE0,0x93,0xD7,0xA1,0x70,0xB0,0x55,0xEC,0x85,0xCE,0x28,0x2B,0xE1,0xB2,0xD3,0x66}, 0x3117DF65u},
    {{0xE1,0x1B,0xFA,0xEB,0xDD,0x66,0x9E,0xAE,0xC9,0x44,0x5B,0xB1,0x4D,0x50,0xAE,0x91}, 0xF9EAA0CDu},
    {{0xE1,0x23,0x0E,0x6B,0x65,0xF6,0xB7,0x48,0x88,0xA1,0xBB,0x72,0xAB,0x90,0x20,0xE2}, 0x1E1886D1u},
    {{0xE1,0x2D,0x5E,0x7E,0x36,0x35,0x74,0xF3,0xEB,0x14,0x19,0x81,0x16,0x5B,0x29,0xD9}, 0x90C86EA2u},
    {{0xE2,0x1B,0xF6,0x04,0x69,0x3B,0xB4,0xB2,0xED,0x4B,0xF1,0xED,0xA1,0x3E,0x28,0x58}, 0x8A05962Du},
    {{0xE2,0x2E,0x77,0x86,0x46,0x29,0x49,0xFF,0x4D,0xFF,0x4B,0xB0,0x51,0xED,0xCF,0x75}, 0x1DEDE944u},
    {{0xE2,0x3F,0x4B,0x2E,0x21,0x65,0x74,0x23,0x32,0xA4,0xA0,0x2A,0xC1,0x4A,0xF1,0xA8}, 0x6571FAE8u},
    {{0xE2,0x6C,0x7D,0xAE,0xA0,0x28,0xA6,0x60,0x42,0x5B,0x05,0x9A,0xD1,0x37,0x16,0xB5}, 0xB7495365u},
    {{0xE2,0xC3,0x82,0x51,0x2C,0x77,0xF5,0x89,0x14,0x54,0xDF,0x89,0x19,0x6C,0x58,0x1A}, 0x7A12E3B8u},
    {{0xE2,0xCB,0xE0,0x24,0x01,0xDE,0x98,0x64,0x42,0x53,0xD0,0x38,0x97,0x26,0x24,0x17}, 0x3E8ACBB2u},
    {{0xE2,0xD3,0x76,0x1B,0xB6,0xB5,0xF5,0x6D,0x8B,0x0C,0xAA,0x60,0xBD,0x97,0xE9,0x45}, 0x2FD51694u},
    {{0xE3,0x02,0xC0,0x64,0x53,0xA0,0x5A,0x7B,0x96,0x7B,0x1D,0x79,0x11,0xF5,0x33,0xE8}, 0xD00F29B4u},
    {{0xE3,0x47,0x1B,0xCF,0x94,0x55,0xD4,0x3C,0xC6,0x92,0xE3,0x06,0xCC,0x9A,0xBE,0xD4}, 0x5ADBEA05u},
    {{0xE3,0x95,0x5F,0x4C,0xD8,0xAE,0x6D,0x5E,0x30,0x37,0x5D,0x28,0x41,0xFF,0x55,0x8E}, 0xF3323006u},
    {{0xE3,0xA7,0xF0,0x48,0xD5,0xE1,0x50,0x3D,0xFE,0x91,0x05,0x10,0xE9,0xE2,0x1A,0xF5}, 0x20ED3B23u},
    {{0xE3,0xE2,0x8F,0x79,0x1D,0x79,0x3E,0x52,0x1C,0x17,0xCB,0xB3,0x23,0xCB,0x9C,0xB9}, 0x38E2FBE1u},
    {{0xE3,0xE8,0x30,0x42,0x7C,0xEA,0xFA,0xAE,0x1C,0xA5,0x43,0xAE,0xCA,0xCA,0x7F,0x34}, 0x05E08F61u},
    {{0xE3,0xFD,0x61,0x4D,0xB1,0xBE,0xD6,0x05,0x88,0x7E,0x12,0x23,0xF6,0x19,0xC9,0x9C}, 0x4E408ADCu},
    {{0xE4,0x09,0xBC,0xA8,0x88,0xEF,0xD4,0x4B,0x22,0xD5,0x44,0xCC,0x6A,0xE1,0xB2,0x0D}, 0xE6F3288Cu},
    {{0xE4,0x8B,0xD5,0x27,0xCE,0x72,0x6F,0xA8,0x9D,0x53,0x22,0xD2,0x9C,0x1D,0xAE,0xAE}, 0xFCB91567u},
    {{0xE4,0xEB,0xBB,0xCE,0x7D,0x66,0xBB,0xBD,0x29,0x3C,0xED,0x50,0x30,0x28,0x6C,0x4C}, 0x74630BA9u},
    {{0xE5,0x3B,0x13,0x2D,0x6B,0xBC,0x9D,0xB3,0xB2,0x9F,0x0C,0x56,0x3C,0xEC,0xA1,0x62}, 0x9280C828u},
    {{0xE5,0x4A,0x30,0xB2,0x3E,0x52,0x1E,0x11,0xE5,0x51,0x86,0xEA,0x64,0xFA,0x5D,0x31}, 0x7B7AAFE2u},
    {{0xE5,0x4E,0x28,0x8D,0xEF,0xC4,0x49,0xDE,0x1F,0x0D,0x23,0x73,0x3D,0x60,0x5E,0x5F}, 0x3925FC39u},
    {{0xE5,0x70,0xCF,0x1C,0xA2,0xBC,0x9C,0xE2,0x0E,0x7E,0x86,0xD7,0x53,0x86,0x27,0x01}, 0xBBDBE5D0u},
    {{0xE5,0xBB,0xD8,0xD8,0x40,0x7C,0x61,0x16,0x3A,0xB3,0x88,0x77,0xD5,0xED,0xFA,0x04}, 0xFC82C47Au},
    {{0xE6,0x0E,0x2D,0xF9,0x4D,0x94,0xAB,0x95,0x7A,0x52,0xE3,0xD4,0x48,0x84,0xB4,0x66}, 0x0D2A3E9Bu},
    {{0xE6,0x1D,0x94,0xCA,0x87,0xA0,0x19,0x52,0xE4,0xE7,0x64,0x4C,0xAB,0xBD,0xAB,0x62}, 0x01D7823Fu},
    {{0xE6,0x28,0x37,0xF7,0x9B,0xF6,0x3D,0xD4,0x7A,0x3C,0x08,0xDC,0x6B,0x8B,0xF6,0xC2}, 0xAB8BC255u},
    {{0xE6,0xB5,0x36,0x16,0xC1,0x92,0x94,0x5B,0x14,0x6B,0xD1,0x90,0xF3,0x97,0x34,0xED}, 0xBE3E4FC8u},
    {{0xE6,0xD5,0x10,0xFA,0x60,0xEE,0x71,0x12,0xA6,0xAF,0xB3,0xFB,0x1B,0x03,0xE6,0x16}, 0x42C60616u},
    {{0xE6,0xF3,0x4F,0xA4,0x95,0x63,0xC5,0x2A,0x8C,0x25,0xCD,0x6C,0xFC,0x75,0x3F,0x30}, 0x097B9B27u},
    {{0xE7,0x54,0x16,0x63,0xB2,0x4F,0x49,0x9B,0xD2,0xDD,0x1C,0xEA,0xCC,0x77,0xF4,0xAF}, 0x267A226Fu},
    {{0xE7,0xAD,0x7E,0x4F,0x00,0xAD,0xD8,0x71,0x48,0x0F,0x46,0xAE,0x3D,0x65,0xE0,0x4B}, 0xB3C8B2CFu},
    {{0xE7,0xC2,0x00,0x86,0x25,0xE5,0x42,0x01,0x30,0x8C,0x30,0xCC,0x4C,0xFD,0xC8,0x7F}, 0xB2EA0EC4u},
    {{0xE7,0xCF,0xAF,0xF5,0x64,0x7F,0x65,0xBE,0x82,0xFA,0xB3,0xD8,0x6F,0xC6,0xD7,0x11}, 0xC603E798u},
    {{0xE7,0xFC,0xE5,0x62,0x32,0x1B,0xC2,0x57,0xE9,0x75,0x77,0x2C,0xD1,0xC8,0x9E,0xA0}, 0x0A63A787u},
    {{0xE8,0x6F,0xF7,0x78,0x5B,0x6E,0x2B,0x84,0x7D,0x75,0x17,0x00,0x85,0x27,0xDE,0x56}, 0xFF5F3C58u},
    {{0xE8,0x89,0x26,0xFF,0xD7,0xD6,0x32,0x46,0x01,0x97,0x73,0x3B,0x3C,0xDA,0x0C,0x85}, 0xCCFA1397u},
    {{0xE8,0xAD,0x1F,0x75,0xA1,0x03,0xD6,0x67,0xCE,0xB9,0x42,0xB7,0x5A,0xDA,0xD2,0x6E}, 0x7220CD00u},
    {{0xE9,0x38,0xDB,0x2D,0xB6,0x12,0xC5,0x44,0x31,0x9B,0x78,0x82,0xB7,0x8F,0x51,0x1C}, 0xD0543BDCu},
    {{0xE9,0x43,0x63,0x24,0x6E,0x19,0xEE,0xA0,0xEA,0x1B,0xCF,0x8C,0xB5,0x4A,0xCF,0x22}, 0xBCB8DC5Du},
    {{0xE9,0x57,0x9F,0xFC,0x79,0xB5,0x95,0x2C,0xF1,0x77,0x12,0xAA,0xDB,0xCC,0x1E,0xAA}, 0x18472A9Au},
    {{0xE9,0xB9,0x32,0x7D,0x25,0x82,0x9D,0x2A,0x99,0xF5,0x18,0x7D,0x8F,0x83,0x5F,0x17}, 0x1D810205u},
    {{0xEA,0x16,0x7A,0x03,0xFC,0x3E,0x23,0xE5,0xFC,0x90,0x7C,0x32,0x4F,0x28,0x3F,0x89}, 0xAD58DBB0u},
    {{0xEA,0x88,0x3D,0x25,0x42,0x98,0x02,0x33,0x42,0x60,0x9B,0xDC,0x33,0x10,0x43,0xF9}, 0x749E489Du},
    {{0xEA,0xEC,0x48,0x3F,0xAA,0x27,0x62,0xCC,0xAD,0x61,0x32,0x25,0x83,0x72,0x7B,0x11}, 0x1EB0A064u},
    {{0xEA,0xEF,0xD1,0x0B,0xAF,0xFF,0xCC,0xDA,0x3E,0x99,0x62,0x2F,0x3D,0xE3,0xEF,0x82}, 0x7790A47Au},
    {{0xEB,0x0F,0xCD,0xC5,0x3A,0xF1,0xF7,0x12,0x2D,0xC5,0xB5,0x68,0xB9,0xB9,0x4E,0x82}, 0xBD73A6CCu},
    {{0xEB,0x4D,0x42,0x01,0x1B,0x37,0x56,0x92,0x44,0x70,0xD1,0xF0,0x00,0xFA,0x3D,0xC9}, 0xE89AD3FDu},
    {{0xEB,0xB1,0xF2,0x66,0x90,0xEF,0xEC,0x98,0xD7,0xC2,0xBE,0x84,0x2F,0xAB,0x71,0x5F}, 0xE47DEBB6u},
    {{0xEC,0x33,0x7D,0xB5,0x79,0xD6,0xF3,0x74,0x17,0xA8,0xB8,0xAD,0x0D,0x23,0x70,0x4A}, 0xA2730CDCu},
    {{0xEC,0x34,0xA3,0x2C,0x00,0x69,0xEE,0xD5,0xB1,0x97,0xE4,0xAE,0x32,0x31,0x01,0xD6}, 0xE1636250u},
    {{0xEC,0x3B,0x4C,0x8A,0x2F,0x12,0x1E,0x4C,0x7D,0xAE,0x00,0xC8,0xE1,0x36,0x8A,0x07}, 0x5BF7FBD4u},
    {{0xEC,0x91,0x98,0xD2,0xA6,0x53,0xBF,0x55,0x6F,0x3F,0x67,0x54,0xCF,0x4A,0x04,0x80}, 0x7A9604F2u},
    {{0xED,0x13,0xC2,0x80,0x5A,0x3E,0x2B,0xC6,0x3F,0xA6,0xED,0xCF,0x77,0x49,0x62,0x9E}, 0x3735EC5Fu},
    {{0xED,0x43,0x7B,0xD8,0xA4,0xC3,0x52,0x94,0xF2,0x99,0xCD,0x66,0xEB,0x9D,0x38,0xFF}, 0xA87635B1u},
    {{0xED,0x54,0x4F,0xB9,0x96,0x1D,0xDD,0x93,0xC4,0xA6,0x51,0x48,0xAB,0x18,0xC0,0xF0}, 0xEF753EA2u},
    {{0xED,0x87,0x3D,0xFE,0xC0,0x5C,0x14,0xB6,0x23,0xD2,0x16,0xC6,0xF4,0x9E,0x31,0x31}, 0x943FCF65u},
    {{0xED,0x8B,0xD4,0x3F,0x1B,0x5A,0x93,0xB9,0xC6,0x53,0xFE,0xB4,0x5D,0x33,0xAF,0xF5}, 0x1D9B8C94u},
    {{0xEE,0x18,0x76,0x77,0x16,0x89,0xAE,0x73,0x75,0xAF,0xAE,0x5E,0x38,0x17,0xA0,0x44}, 0x74F24BB2u},
    {{0xEE,0x41,0x43,0xFF,0x71,0x56,0x68,0xA2,0x91,0x23,0xBE,0xA8,0xA4,0xB1,0xFA,0x82}, 0x5B8D5E58u},
    {{0xEE,0x53,0xE4,0x64,0x00,0xC5,0xD6,0xF3,0x5F,0xC3,0xD4,0x58,0x52,0xC1,0x8B,0x5A}, 0xA56F4609u},
    {{0xEF,0x0B,0x73,0xF4,0x73,0x5F,0x13,0x81,0xCA,0xA4,0xA6,0xE5,0x86,0xF3,0x6D,0xAD}, 0xDF8746E4u},
    {{0xEF,0x2B,0x23,0x62,0x9D,0xB7,0xFD,0x9B,0xE0,0x67,0xBD,0x30,0xE6,0x44,0x93,0x9C}, 0x32441C00u},
    {{0xEF,0x31,0x6C,0x2B,0x4B,0xC0,0x16,0x66,0x30,0x93,0x50,0xDA,0xAD,0xD3,0xB2,0x90}, 0x94370904u},
    {{0xEF,0x76,0x76,0x6B,0xA2,0xEC,0xB0,0x2E,0x44,0x80,0xC6,0xB3,0xA4,0xD6,0xA1,0xCC}, 0x6A48510Bu},
    {{0xEF,0xA5,0xE0,0xC3,0x4E,0x41,0x1D,0x1D,0x55,0x34,0x6F,0xEC,0xDB,0x09,0x02,0x3B}, 0xBBBE0243u},
    {{0xEF,0xBF,0x96,0xA8,0x5F,0x66,0xF6,0xC7,0x83,0xB6,0x19,0x68,0xC7,0xB3,0x03,0x49}, 0x5529CF60u},
    {{0xF0,0x2F,0x7A,0xB2,0x32,0xEF,0xEF,0x78,0xB0,0x3D,0xE9,0x1C,0x4F,0xFE,0x0D,0xBE}, 0x5F2CC455u},
    {{0xF0,0x49,0x6E,0x61,0x92,0x53,0xC3,0x4D,0x50,0xD1,0x61,0x6E,0x3C,0x5E,0x05,0xDD}, 0x285CD5BDu},
    {{0xF0,0xFB,0x15,0xC9,0x92,0xB9,0x2F,0xBB,0x3B,0x7E,0xDE,0xF5,0xFF,0x21,0x6C,0x25}, 0x0C00FC81u},
    {{0xF1,0x06,0x2B,0xBF,0x6F,0xC5,0x7C,0x5D,0x1B,0x71,0xA9,0x89,0xC5,0x2A,0x9E,0x87}, 0x3B2BD13Bu},
    {{0xF1,0x67,0x98,0xBD,0xD4,0xEF,0xAB,0xB9,0x77,0x76,0x03,0x33,0xC9,0x83,0x12,0xA0}, 0x992F3F27u},
    {{0xF1,0xDF,0x39,0x6D,0xF4,0x26,0xAD,0x6F,0x15,0x93,0x3D,0x84,0xCE,0xC4,0xD6,0x70}, 0xB2CBEFEEu},
    {{0xF2,0x2D,0x34,0x2B,0x96,0x16,0x3E,0xF6,0xB0,0x8F,0xBC,0x06,0x28,0x76,0x62,0x4A}, 0x81292C46u},
    {{0xF2,0xF8,0xFF,0x93,0x14,0x4B,0x23,0x0F,0x23,0xCD,0xD0,0xB1,0x81,0x29,0x92,0x26}, 0x48AA07E7u},
    {{0xF3,0x3C,0x71,0x52,0x22,0x87,0x4A,0xDB,0x8B,0x80,0x03,0x09,0x37,0x1E,0x84,0xB3}, 0xC4A89F3Bu},
    {{0xF3,0x59,0x94,0x0D,0xD4,0xDC,0xE0,0xEB,0x33,0x12,0x81,0x85,0x32,0xEC,0xB1,0xF8}, 0xA6ED58BEu},
    {{0xF4,0x45,0x36,0x60,0xDD,0xAA,0xEB,0xDE,0xD0,0xCC,0xCD,0x9A,0xB7,0x00,0xB5,0x97}, 0xEE0D0AE2u},
    {{0xF4,0x66,0xED,0x75,0x76,0xD1,0x17,0xF4,0x3F,0xE7,0xC9,0x41,0x6F,0x51,0xDA,0x68}, 0xCC1204DAu},
    {{0xF4,0x81,0x30,0x4B,0xF2,0xC6,0xE5,0xE4,0x40,0xCE,0x32,0x12,0xB9,0x9E,0x57,0x25}, 0xADB12243u},
    {{0xF4,0x91,0x79,0xF5,0x9C,0x47,0x91,0x40,0x3F,0x0B,0x7D,0x18,0x22,0x60,0xC0,0xC5}, 0x5BFCBF7Eu},
    {{0xF4,0xA3,0x9D,0xCF,0x4C,0x49,0xE6,0x7E,0xD9,0x12,0x78,0x44,0x5A,0x54,0x9F,0x43}, 0x6C6611CFu},
    {{0xF4,0xA7,0x2F,0x63,0x52,0x15,0x89,0xA2,0xEB,0x7D,0xF1,0xCC,0x88,0x9B,0xFF,0xA7}, 0xB7B18E22u},
    {{0xF4,0xF9,0x37,0x4A,0x9E,0x2A,0x5F,0xE3,0xDF,0x80,0x4F,0x78,0x2F,0xA6,0xDA,0x24}, 0x882D5F7Eu},
    {{0xF5,0x45,0x13,0x9D,0x92,0xAB,0x6A,0x3D,0x00,0xB2,0x9C,0x0A,0xB3,0x8F,0x61,0xEB}, 0x1F31D4F8u},
    {{0xF5,0x56,0xB7,0xF4,0x4F,0x7B,0xF1,0x8A,0xFD,0x5B,0xD1,0xB1,0x79,0x5C,0xB0,0xA9}, 0x19BBC30Fu},
    {{0xF5,0xC9,0xD6,0xC4,0xA7,0x24,0xAC,0xCA,0x41,0x95,0xDA,0xFC,0xB8,0x4E,0x9B,0x39}, 0xEBDB8B74u},
    {{0xF5,0xE6,0x07,0xFA,0x8B,0x4D,0x99,0x2E,0x75,0x3C,0x06,0x7D,0x09,0x42,0xED,0x1B}, 0xFCA9ABA6u},
    {{0xF6,0x2A,0xFC,0x2A,0xE0,0x6D,0x67,0x87,0x30,0x8B,0x28,0x32,0xA2,0x18,0x12,0x04}, 0xF36DC5AAu},
    {{0xF6,0x9D,0xBF,0x07,0x54,0x73,0xB7,0xF9,0x36,0xE3,0x62,0x3F,0xC9,0x38,0x77,0x0B}, 0x704C22C9u},
    {{0xF6,0x9E,0x5A,0x80,0xB0,0x26,0xDF,0xD4,0x48,0xE5,0x4F,0xC1,0x07,0x51,0x52,0x1F}, 0x8E5CC6A8u},
    {{0xF6,0xA2,0x2C,0xD2,0x3F,0x47,0xF1,0xA0,0xBC,0x5D,0x4B,0x02,0x8B,0x58,0x6B,0xB1}, 0x864C09EEu},
    {{0xF6,0xB0,0x51,0xF7,0x96,0x71,0x6A,0xD8,0xB0,0x2D,0x55,0xF4,0x06,0x70,0x03,0xC6}, 0x15970B62u},
    {{0xF6,0xC2,0xA1,0x2F,0x36,0x7C,0x49,0xF0,0x02,0x29,0x4F,0xFA,0xD1,0x37,0xF6,0xD3}, 0xB55BE985u},
    {{0xF6,0xE2,0x84,0xE1,0xB1,0x7A,0x9F,0x1D,0x8F,0x6B,0x70,0x03,0x12,0x7B,0xAF,0x38}, 0x2F6C8D6Bu},
    {{0xF7,0x65,0x84,0xE0,0xD7,0x43,0xBA,0x15,0xF6,0xE8,0xFC,0xF4,0xA3,0x41,0x1B,0x5F}, 0x1B18FF73u},
    {{0xF7,0x8E,0x58,0x3C,0xFA,0xEF,0x37,0xDC,0xA4,0x93,0xA1,0xDB,0x2C,0xA7,0x9E,0x73}, 0x7F6A6ED9u},
    {{0xF8,0x20,0x20,0xAC,0x8F,0xBE,0x5A,0xFC,0xE6,0x25,0x22,0xF3,0x55,0x1F,0xA2,0x63}, 0x51E73010u},
    {{0xF8,0x34,0xCB,0x93,0x47,0xF4,0xC3,0x47,0x96,0x05,0xD1,0x90,0x9B,0x97,0x7D,0xAA}, 0x30A7963Du},
    {{0xF8,0x66,0x1F,0x58,0x2E,0x1C,0x35,0xAE,0xAA,0x70,0x1E,0x81,0xC1,0xB4,0xF4,0x57}, 0xEA7C2B90u},
    {{0xF8,0xBA,0x55,0x91,0xA9,0x2B,0xB7,0x88,0xA3,0xDE,0xFC,0xDF,0x70,0x42,0xA6,0x9B}, 0x7F80FD39u},
    {{0xF8,0xBC,0x33,0x76,0xE5,0x65,0x2D,0xE9,0xA8,0x04,0xDC,0x7F,0x40,0x6A,0x58,0x3D}, 0x86470AB6u},
    {{0xF9,0x16,0x92,0x95,0x57,0x21,0x43,0x4A,0x24,0x38,0xC7,0xA6,0x98,0x80,0x3C,0x9E}, 0xD80E2311u},
    {{0xF9,0x26,0xC4,0x29,0x2B,0xC4,0x8F,0x18,0xAF,0x87,0x94,0x5E,0x1D,0xBA,0xC2,0xBE}, 0xD0A01023u},
    {{0xF9,0x3E,0x6D,0x98,0xDE,0xE8,0xA6,0x8C,0x6B,0x46,0xBB,0xFF,0x3B,0x9A,0xB8,0x5D}, 0xFF823F19u},
    {{0xF9,0x6A,0xF4,0x31,0x9C,0xE8,0x91,0x5E,0x4E,0x65,0x9A,0xFD,0x80,0xE4,0x1D,0xB8}, 0xB05F4113u},
    {{0xF9,0x82,0x4C,0xA7,0x9D,0x19,0x37,0x16,0x01,0x1E,0xE0,0x3E,0x65,0x96,0xC0,0x00}, 0xF69A6E61u},
    {{0xF9,0xDD,0x5A,0x9A,0x26,0x4C,0x6D,0x7E,0x60,0x28,0x7A,0xB1,0xF9,0x0A,0x07,0xB0}, 0xC91FF94Bu},
    {{0xFA,0x3E,0xC7,0x5F,0x72,0x57,0x3C,0xFF,0xCF,0xC4,0xA5,0xF2,0xAD,0x45,0x15,0x0B}, 0x4E328476u},
    {{0xFA,0x8C,0x95,0xEC,0x81,0x27,0x73,0x88,0x4C,0x25,0x9F,0xCF,0x59,0x97,0xBB,0x69}, 0x53C1F788u},
    {{0xFA,0x8F,0x84,0x39,0x4F,0x9D,0x73,0x5D,0x51,0x91,0xEC,0x37,0x2F,0xEB,0x39,0x7C}, 0x30C834A7u},
    {{0xFA,0xA9,0x86,0x63,0xE1,0xD5,0x9D,0x86,0x7D,0x38,0x12,0x8D,0x73,0x72,0x55,0x38}, 0xF0C6ABCFu},
    {{0xFA,0xD9,0xC5,0x19,0xC6,0xF2,0x44,0x7D,0x38,0x06,0x0C,0x5B,0x3B,0x63,0x02,0x93}, 0x976D105Cu},
    {{0xFA,0xEB,0xB0,0x09,0xB4,0x7E,0xED,0xAB,0x03,0x37,0x18,0x6B,0x3A,0x64,0x52,0xBA}, 0xD2F46243u},
    {{0xFA,0xFA,0x68,0x00,0xFD,0x66,0xFB,0x01,0x10,0x2B,0xF5,0x78,0xBB,0x3D,0xC9,0x1E}, 0x207D007Au},
    {{0xFB,0x46,0x0F,0xE9,0x2E,0x93,0xB4,0x8F,0xB9,0xBE,0x13,0x15,0x7C,0xB4,0xB2,0xF9}, 0xA59FCABAu},
    {{0xFB,0x76,0x3D,0x31,0xAD,0xA1,0x3D,0xF5,0x5A,0xF5,0x74,0xF1,0xB8,0x1C,0x79,0xB7}, 0xB147017Du},
    {{0xFB,0xCA,0x3A,0x7F,0x66,0x3A,0x13,0xBF,0x83,0x8C,0x64,0x33,0x2E,0xB7,0x9C,0xA3}, 0xD8FE2B31u},
    {{0xFC,0x20,0x42,0x21,0xE0,0xFA,0x5A,0x24,0x37,0x17,0xDE,0x42,0x19,0xFA,0xD7,0xB5}, 0x2AAA9634u},
    {{0xFC,0x22,0x8C,0x29,0x75,0x1B,0xB8,0xA8,0x2F,0x83,0x00,0x8A,0x98,0x5D,0x72,0x79}, 0x718100F3u},
    {{0xFC,0x5D,0xBE,0x44,0x24,0xDC,0x9B,0xDC,0x0D,0x4D,0x03,0xAF,0xAE,0x5B,0x45,0xE3}, 0x8F2EFEF6u},
    {{0xFC,0x8C,0xA2,0x40,0x3C,0x74,0x36,0xE2,0x77,0xA0,0x5E,0xA8,0xAF,0x98,0xD2,0x74}, 0xA60222E0u},
    {{0xFC,0xCE,0xE7,0xDB,0x73,0xC5,0x33,0xAF,0x14,0xC6,0xC0,0x8E,0x23,0xD7,0x18,0x2F}, 0x91F64109u},
    {{0xFC,0xF8,0x08,0x3E,0x1F,0xDC,0xB3,0x79,0xFB,0xE9,0xF1,0xD3,0xED,0x53,0x31,0xD0}, 0x9C8B4196u},
    {{0xFD,0x0D,0x3F,0xF5,0x9F,0x2D,0x11,0x2C,0x39,0xE4,0x9A,0xC3,0x16,0xA5,0x94,0x62}, 0xD152CCA3u},
    {{0xFD,0x2A,0x68,0x8B,0xFE,0xC3,0x06,0xB6,0xAC,0x6B,0x37,0xE6,0x13,0x8E,0x0A,0xFE}, 0x8A7453ECu},
    {{0xFD,0xB9,0x1B,0x24,0xAA,0xA6,0xBD,0x42,0x82,0xC8,0x94,0x43,0x2E,0xF7,0xAA,0x59}, 0x96B127B2u},
    {{0xFD,0xC7,0x9B,0x37,0x0B,0xC6,0x60,0xE8,0x3A,0xB1,0x78,0x53,0x1C,0xE0,0xAD,0xAE}, 0xD80CD727u},
    {{0xFD,0xD1,0xAD,0x84,0x67,0x73,0x63,0xC9,0xA4,0xDE,0xFD,0xAB,0x2D,0xF7,0xDB,0xDC}, 0xF3CEC544u},
    {{0xFE,0x38,0x5A,0x72,0xE3,0xCE,0x02,0x7B,0x03,0x02,0xF7,0x2E,0x72,0x5C,0x2D,0x01}, 0xACD68F82u},
    {{0xFE,0x44,0xFF,0x59,0x1A,0x1B,0x3B,0x9E,0x9A,0xEA,0x20,0x38,0x38,0x15,0xD4,0xC0}, 0xF6704876u},
    {{0xFE,0xCB,0x16,0x4F,0xC6,0xAA,0x14,0xC6,0x54,0x6C,0xCA,0xF0,0x2F,0x0C,0x96,0xC4}, 0x1341593Cu},
    {{0xFF,0x15,0xE4,0x2D,0x62,0x04,0x09,0x2B,0x63,0x55,0x5D,0x9D,0x03,0xD1,0x14,0x38}, 0x26ED64AFu},
    {{0xFF,0x1F,0x54,0x28,0xC0,0x71,0xE0,0x39,0xAE,0x7F,0x6C,0xB6,0x13,0xFF,0x22,0x33}, 0x90850123u},
    {{0xFF,0x5F,0xC6,0x6C,0x99,0xA9,0xE5,0x5D,0x1C,0x57,0x74,0x27,0x9B,0x82,0x38,0x4B}, 0xE4532511u},
    {{0xFF,0x91,0x19,0x38,0x65,0x33,0xF3,0xA6,0x68,0x80,0x4B,0x22,0xA6,0xEE,0xCE,0x78}, 0xFE14639Du},
    {{0xFF,0xF1,0xED,0xB1,0xB2,0x74,0xC9,0x29,0x5E,0x73,0x03,0x17,0x01,0x82,0x2E,0xD0}, 0x97D6447Au},
};

static int zd_cmp(const void* a, const void* b) { return memcmp(a, ((const ZeroDogEntry*)b)->q, 16); }

/* Retorna 1 e preenche *resp se a consulta estiver na tabela. */
int ZeroDog_Convert16(const uint8_t* q, uint32_t* resp) {
    const ZeroDogEntry* e = (const ZeroDogEntry*)bsearch(q, g_zeroDog, sizeof(g_zeroDog) / sizeof(g_zeroDog[0]),
                                                       sizeof(g_zeroDog[0]), zd_cmp);
    if (!e) return 0;
    *resp = e->r;
    return 1;
}
